strain,replicate,drug,time,microcol,mic
PAO1,1,CIP,24h,n,0.094
PAO1,1,CIP,24h,y,0.094
PAO1,2,CIP,24h,n,0.125
PAO1,2,CIP,24h,y,0.125
PAO1,3,CIP,24h,n,0.047
PAO1,3,CIP,24h,y,0.047
PAO1,1,GEN,24h,n,1.5
PAO1,1,GEN,24h,y,1.5
PAO1,2,GEN,24h,n,0.75
PAO1,2,GEN,24h,y,1
PAO1,3,GEN,24h,n,1.5
PAO1,3,GEN,24h,y,1.5
PAO1,1,TOB,24h,n,1.5
PAO1,1,TOB,24h,y,1.5
PAO1,2,TOB,24h,n,2
PAO1,2,TOB,24h,y,2
PAO1,3,TOB,24h,n,1.5
PAO1,3,TOB,24h,y,1.5
PAO1,1,MER,24h,n,0.032
PAO1,1,MER,24h,y,0.047
PAO1,2,MER,24h,n,0.023
PAO1,2,MER,24h,y,0.023
PAO1,3,MER,24h,n,0.047
PAO1,3,MER,24h,y,0.094
PAO1,1,PIT,24h,n,3
PAO1,1,PIT,24h,y,3
PAO1,2,PIT,24h,n,2
PAO1,2,PIT,24h,y,2
PAO1,3,PIT,24h,n,2
PAO1,3,PIT,24h,y,2
PAO1,1,COL,24h,n,3
PAO1,1,COL,24h,y,3
PAO1,2,COL,24h,n,3
PAO1,2,COL,24h,y,3
PAO1,3,COL,24h,n,3
PAO1,3,COL,24h,y,3
PAO1,4,COL,24h,n,3
PAO1,4,COL,24h,y,3
PAO1,5,COL,24h,n,4
PAO1,5,COL,24h,y,4
PAO1,6,COL,24h,n,3
PAO1,6,COL,24h,y,3
PAO1,1,CTT,24h,n,0.38
PAO1,1,CTT,24h,y,0.38
PAO1,2,CTT,24h,n,0.25
PAO1,2,CTT,24h,y,0.25
PAO1,3,CTT,24h,n,0.38
PAO1,3,CTT,24h,y,0.38
PAO1,4,CTT,24h,n,0.38
PAO1,4,CTT,24h,y,0.38
PAO1,5,CTT,24h,n,0.25
PAO1,5,CTT,24h,y,0.25
PAO1,6,CTT,24h,n,0.25
PAO1,6,CTT,24h,y,0.25
PAO1,1,AMI,24h,n,4
PAO1,1,AMI,24h,y,12
PAO1,2,AMI,24h,n,3
PAO1,2,AMI,24h,y,3
PAO1,3,AMI,24h,n,4
PAO1,3,AMI,24h,y,4
PAO1,4,AMI,24h,n,4
PAO1,4,AMI,24h,y,4
PAO1,5,AMI,24h,n,4
PAO1,5,AMI,24h,y,6
PAO1,6,AMI,24h,n,3
PAO1,6,AMI,24h,y,3
PAO1,1,CTZ,24h,n,0.75
PAO1,1,CTZ,24h,y,0.75
PAO1,2,CTZ,24h,n,0.5
PAO1,2,CTZ,24h,y,0.75
PAO1,3,CTZ,24h,n,0.5
PAO1,3,CTZ,24h,y,0.5
PAO1,1,CIP,48h,n,0.125
PAO1,1,CIP,48h,y,0.125
PAO1,2,CIP,48h,n,0.125
PAO1,2,CIP,48h,y,0.125
PAO1,3,CIP,48h,n,0.047
PAO1,3,CIP,48h,y,0.047
PAO1,1,GEN,48h,n,1.5
PAO1,1,GEN,48h,y,1.5
PAO1,2,GEN,48h,n,0.75
PAO1,2,GEN,48h,y,1
PAO1,3,GEN,48h,n,1.5
PAO1,3,GEN,48h,y,1.5
PAO1,1,TOB,48h,n,1.5
PAO1,1,TOB,48h,y,1.5
PAO1,2,TOB,48h,n,2
PAO1,2,TOB,48h,y,2
PAO1,3,TOB,48h,n,1.5
PAO1,3,TOB,48h,y,1.5
PAO1,1,MER,48h,n,0.032
PAO1,1,MER,48h,y,0.047
PAO1,2,MER,48h,n,0.023
PAO1,2,MER,48h,y,0.032
PAO1,3,MER,48h,n,0.047
PAO1,3,MER,48h,y,0.064
PAO1,1,PIT,48h,n,2
PAO1,1,PIT,48h,y,2
PAO1,2,PIT,48h,n,2
PAO1,2,PIT,48h,y,2
PAO1,3,PIT,48h,n,2
PAO1,3,PIT,48h,y,2
PAO1,1,COL,48h,n,3
PAO1,1,COL,48h,y,3
PAO1,2,COL,48h,n,3
PAO1,2,COL,48h,y,3
PAO1,3,COL,48h,n,3
PAO1,3,COL,48h,y,3
PAO1,4,COL,48h,n,3
PAO1,4,COL,48h,y,3
PAO1,5,COL,48h,n,4
PAO1,5,COL,48h,y,4
PAO1,6,COL,48h,n,3
PAO1,6,COL,48h,y,3
PAO1,1,CTT,48h,n,0.38
PAO1,1,CTT,48h,y,0.38
PAO1,2,CTT,48h,n,0.25
PAO1,2,CTT,48h,y,0.25
PAO1,3,CTT,48h,n,0.38
PAO1,3,CTT,48h,y,0.38
PAO1,4,CTT,48h,n,0.38
PAO1,4,CTT,48h,y,0.38
PAO1,5,CTT,48h,n,0.25
PAO1,5,CTT,48h,y,0.25
PAO1,6,CTT,48h,n,0.25
PAO1,6,CTT,48h,y,0.25
PAO1,1,AMI,48h,n,6
PAO1,1,AMI,48h,y,12
PAO1,2,AMI,48h,n,3
PAO1,2,AMI,48h,y,3
PAO1,3,AMI,48h,n,4
PAO1,3,AMI,48h,y,4
PAO1,4,AMI,48h,n,4
PAO1,4,AMI,48h,y,4
PAO1,5,AMI,48h,n,4
PAO1,5,AMI,48h,y,6
PAO1,6,AMI,48h,n,4
PAO1,6,AMI,48h,y,12
PAO1,1,CTZ,48h,n,1
PAO1,1,CTZ,48h,y,1
PAO1,2,CTZ,48h,n,0.75
PAO1,2,CTZ,48h,y,0.75
PAO1,3,CTZ,48h,n,0.75
PAO1,3,CTZ,48h,y,0.75
PA14,1,CIP,24h,n,0.094
PA14,1,CIP,24h,y,0.094
PA14,2,CIP,24h,n,0.125
PA14,2,CIP,24h,y,0.125
PA14,3,CIP,24h,n,0.094
PA14,3,CIP,24h,y,0.094
PA14,1,GEN,24h,n,0.75
PA14,1,GEN,24h,y,0.75
PA14,2,GEN,24h,n,1
PA14,2,GEN,24h,y,1
PA14,3,GEN,24h,n,0.75
PA14,3,GEN,24h,y,0.75
PA14,1,TOB,24h,n,1.5
PA14,1,TOB,24h,y,1.5
PA14,2,TOB,24h,n,1
PA14,2,TOB,24h,y,1
PA14,3,TOB,24h,n,0.75
PA14,3,TOB,24h,y,0.75
PA14,1,MER,24h,n,0.016
PA14,1,MER,24h,y,0.016
PA14,2,MER,24h,n,0.023
PA14,2,MER,24h,y,0.023
PA14,3,MER,24h,n,0.023
PA14,3,MER,24h,y,0.023
PA14,1,PIT,24h,n,2
PA14,1,PIT,24h,y,2
PA14,2,PIT,24h,n,1.5
PA14,2,PIT,24h,y,1.5
PA14,3,PIT,24h,n,2
PA14,3,PIT,24h,y,2
PA14,1,COL,24h,n,4
PA14,1,COL,24h,y,4
PA14,2,COL,24h,n,2
PA14,2,COL,24h,y,2
PA14,3,COL,24h,n,3
PA14,3,COL,24h,y,3
PA14,1,AMI,24h,n,3
PA14,1,AMI,24h,y,6
PA14,2,AMI,24h,n,4
PA14,2,AMI,24h,y,4
PA14,3,AMI,24h,n,1.5
PA14,3,AMI,24h,y,1.5
PA14,1,CTZ,24h,n,1
PA14,1,CTZ,24h,y,1.5
PA14,2,CTZ,24h,n,1
PA14,2,CTZ,24h,y,2
PA14,3,CTZ,24h,n,0.38
PA14,3,CTZ,24h,y,1
PA14,3,CTT,24h,n,0.5
PA14,3,CTT,24h,y,0.5
PA14,3,CTT,24h,n,0.75
PA14,3,CTT,24h,y,3
PA14,3,CTT,24h,n,0.38
PA14,3,CTT,24h,y,0.85
PA14,1,CIP,48h,n,0.094
PA14,1,CIP,48h,y,0.19
PA14,2,CIP,48h,n,0.094
PA14,2,CIP,48h,y,0.094
PA14,3,CIP,48h,n,0.125
PA14,3,CIP,48h,y,0.25
PA14,1,GEN,48h,n,0.75
PA14,1,GEN,48h,y,0.75
PA14,2,GEN,48h,n,1
PA14,2,GEN,48h,y,1
PA14,3,GEN,48h,n,0.75
PA14,3,GEN,48h,y,0.75
PA14,1,TOB,48h,n,1.5
PA14,1,TOB,48h,y,1.5
PA14,2,TOB,48h,n,0.75
PA14,2,TOB,48h,y,0.75
PA14,3,TOB,48h,n,0.75
PA14,3,TOB,48h,y,0.75
PA14,1,MER,48h,n,0.016
PA14,1,MER,48h,y,0.016
PA14,2,MER,48h,n,0.023
PA14,2,MER,48h,y,0.023
PA14,3,MER,48h,n,0.023
PA14,3,MER,48h,y,0.023
PA14,1,PIT,48h,n,2
PA14,1,PIT,48h,y,2
PA14,2,PIT,48h,n,1.5
PA14,2,PIT,48h,y,1.5
PA14,3,PIT,48h,n,2
PA14,3,PIT,48h,y,2
PA14,1,COL,48h,n,4
PA14,1,COL,48h,y,4
PA14,2,COL,48h,n,2
PA14,2,COL,48h,y,2
PA14,3,COL,48h,n,3
PA14,3,COL,48h,y,3
PA14,1,AMI,48h,n,3
PA14,1,AMI,48h,y,6
PA14,2,AMI,48h,n,4
PA14,2,AMI,48h,y,4
PA14,3,AMI,48h,n,2
PA14,3,AMI,48h,y,3
PA14,1,CTZ,48h,n,1
PA14,1,CTZ,48h,y,1.5
PA14,2,CTZ,48h,n,1
PA14,2,CTZ,48h,y,2
PA14,3,CTZ,48h,n,0.38
PA14,3,CTZ,48h,y,1
PA14,1,CTT,48h,n,0.5
PA14,1,CTT,48h,y,0.5
PA14,2,CTT,48h,n,0.75
PA14,2,CTT,48h,y,3
PA14,3,CTT,48h,n,0.38
PA14,3,CTT,48h,y,0.85
H01,1,CIP,24h,n,0.75
H01,1,CIP,24h,y,0.75
H01,2,CIP,24h,n,0.75
H01,2,CIP,24h,y,0.75
H01,3,CIP,24h,n,0.75
H01,3,CIP,24h,y,0.75
H01,1,GEN,24h,n,256
H01,1,GEN,24h,y,256
H01,2,GEN,24h,n,256
H01,2,GEN,24h,y,256
H01,3,GEN,24h,n,256
H01,3,GEN,24h,y,256
H01,1,TOB,24h,n,256
H01,1,TOB,24h,y,256
H01,2,TOB,24h,n,256
H01,2,TOB,24h,y,256
H01,3,TOB,24h,n,256
H01,3,TOB,24h,y,192
H01,1,MER,24h,n,0.38
H01,1,MER,24h,y,0.38
H01,2,MER,24h,n,0.125
H01,2,MER,24h,y,0.125
H01,3,MER,24h,n,0.25
H01,3,MER,24h,y,0.25
H01,1,PIT,24h,n,12
H01,1,PIT,24h,y,12
H01,2,PIT,24h,n,12
H01,2,PIT,24h,y,12
H01,3,PIT,24h,n,16
H01,3,PIT,24h,y,16
H01,1,COL,24h,n,1.5
H01,1,COL,24h,y,1.5
H01,2,COL,24h,n,2
H01,2,COL,24h,y,6
H01,3,COL,24h,n,2
H01,3,COL,24h,y,2
H01,1,AMI,24h,n,16
H01,1,AMI,24h,y,32
H01,2,AMI,24h,n,24
H01,2,AMI,24h,y,24
H01,3,AMI,24h,n,48
H01,3,AMI,24h,y,48
H01,1,CTZ,24h,n,6
H01,1,CTZ,24h,y,6
H01,2,CTZ,24h,n,4
H01,2,CTZ,24h,y,4
H01,3,CTZ,24h,n,4
H01,3,CTZ,24h,y,4
H01,1,CTT,24h,n,1
H01,1,CTT,24h,y,1
H01,2,CTT,48h,n,0.75
H01,2,CTT,48h,y,0.75
H01,3,CTT,48h,n,0.75
H01,3,CTT,48h,y,0.75
H01,1,CIP,48h,n,0.75
H01,1,CIP,48h,y,0.75
H01,2,CIP,48h,n,1
H01,2,CIP,48h,y,1
H01,3,CIP,48h,n,0.75
H01,3,CIP,48h,y,0.75
H01,1,GEN,48h,n,256
H01,1,GEN,48h,y,256
H01,2,GEN,48h,n,256
H01,2,GEN,48h,y,256
H01,3,GEN,48h,n,256
H01,3,GEN,48h,y,256
H01,1,TOB,48h,n,256
H01,1,TOB,48h,y,256
H01,2,TOB,48h,n,256
H01,2,TOB,48h,y,256
H01,3,TOB,48h,n,256
H01,3,TOB,48h,y,256
H01,1,MER,48h,n,0.25
H01,1,MER,48h,y,0.25
H01,2,MER,48h,n,0.125
H01,2,MER,48h,y,0.125
H01,3,MER,48h,n,0.25
H01,3,MER,48h,y,0.25
H01,1,PIT,48h,n,12
H01,1,PIT,48h,y,12
H01,2,PIT,48h,n,12
H01,2,PIT,48h,y,12
H01,3,PIT,48h,n,16
H01,3,PIT,48h,y,16
H01,1,COL,48h,n,1.5
H01,1,COL,48h,y,1.5
H01,2,COL,48h,n,2
H01,2,COL,48h,y,6
H01,3,COL,48h,n,2
H01,3,COL,48h,y,2
H01,1,AMI,48h,n,16
H01,1,AMI,48h,y,64
H01,2,AMI,48h,n,24
H01,2,AMI,48h,y,48
H01,3,AMI,48h,n,48
H01,3,AMI,48h,y,48
H01,1,CTZ,48h,n,6
H01,1,CTZ,48h,y,6
H01,2,CTZ,48h,n,4
H01,2,CTZ,48h,y,4
H01,3,CTZ,48h,n,4
H01,3,CTZ,48h,y,4
H01,1,CTT,48h,n,1
H01,1,CTT,48h,y,1
H01,2,CTT,48h,n,0.75
H01,2,CTT,48h,y,0.75
H01,3,CTT,48h,n,0.75
H01,3,CTT,48h,y,0.75
H01,4,CIP,24h,n,0.5
H01,4,CIP,24h,y,0.5
H01,5,CIP,24h,n,0.75
H01,5,CIP,24h,y,0.75
H01,6,CIP,24h,n,0.75
H01,6,CIP,24h,y,0.75
H01,4,GEN,24h,n,256
H01,4,GEN,24h,y,256
H01,5,GEN,24h,n,256
H01,5,GEN,24h,y,256
H01,6,GEN,24h,n,256
H01,6,GEN,24h,y,256
H01,4,TOB,24h,n,256
H01,4,TOB,24h,y,256
H01,5,TOB,24h,n,256
H01,5,TOB,24h,y,256
H01,6,TOB,24h,n,192
H01,6,TOB,24h,y,192
H01,4,MER,24h,n,0.25
H01,4,MER,24h,y,0.25
H01,5,MER,24h,n,0.25
H01,5,MER,24h,y,0.25
H01,6,MER,24h,n,0.25
H01,6,MER,24h,y,0.25
H01,4,PIT,24h,n,6
H01,4,PIT,24h,y,6
H01,5,PIT,24h,n,12
H01,5,PIT,24h,y,12
H01,6,PIT,24h,n,12
H01,6,PIT,24h,y,12
H01,4,CIP,48h,n,0.75
H01,4,CIP,48h,y,0.75
H01,5,CIP,48h,n,0.5
H01,5,CIP,48h,y,0.5
H01,6,CIP,48h,n,0.75
H01,6,CIP,48h,y,0.75
H01,4,GEN,48h,n,256
H01,4,GEN,48h,y,256
H01,5,GEN,48h,n,256
H01,5,GEN,48h,y,256
H01,6,GEN,48h,n,256
H01,6,GEN,48h,y,256
H01,4,TOB,48h,n,256
H01,4,TOB,48h,y,256
H01,5,TOB,48h,n,256
H01,5,TOB,48h,y,256
H01,6,TOB,48h,n,256
H01,6,TOB,48h,y,256
H01,4,MER,48h,n,0.25
H01,4,MER,48h,y,0.25
H01,5,MER,48h,n,0.25
H01,5,MER,48h,y,0.25
H01,6,MER,48h,n,0.25
H01,6,MER,48h,y,0.25
H01,4,PIT,48h,n,6
H01,4,PIT,48h,y,6
H01,5,PIT,48h,n,12
H01,5,PIT,48h,y,12
H01,6,PIT,48h,n,12
H01,6,PIT,48h,y,12
H02,1,CIP,24h,n,0.19
H02,1,CIP,24h,y,0.19
H02,2,CIP,24h,n,0.19
H02,2,CIP,24h,y,0.19
H02,3,CIP,24h,n,0.25
H02,3,CIP,24h,y,0.25
H02,1,GEN,24h,n,1
H02,1,GEN,24h,y,1.5
H02,2,GEN,24h,n,2
H02,2,GEN,24h,y,2
H02,3,GEN,24h,n,1.5
H02,3,GEN,24h,y,1.5
H02,1,TOB,24h,n,1.5
H02,1,TOB,24h,y,1.5
H02,2,TOB,24h,n,1
H02,2,TOB,24h,y,1
H02,3,TOB,24h,n,1.5
H02,3,TOB,24h,y,1
H02,1,MER,24h,n,0.047
H02,1,MER,24h,y,0.125
H02,2,MER,24h,n,0.047
H02,2,MER,24h,y,0.094
H02,3,MER,24h,n,0.047
H02,3,MER,24h,y,0.094
H02,1,PIT,24h,n,8
H02,1,PIT,24h,y,12
H02,2,PIT,24h,n,8
H02,2,PIT,24h,y,8
H02,3,PIT,24h,n,8
H02,3,PIT,24h,y,8
H02,1,COL,24h,n,4
H02,1,COL,24h,y,4
H02,2,COL,24h,n,6
H02,2,COL,24h,y,6
H02,3,COL,24h,n,4
H02,3,COL,24h,y,4
H02,1,AMI,24h,n,6
H02,1,AMI,24h,y,6
H02,2,AMI,24h,n,6
H02,2,AMI,24h,y,6
H02,3,AMI,24h,n,8
H02,3,AMI,24h,y,8
H02,1,CTZ,24h,n,2
H02,1,CTZ,24h,y,3
H02,2,CTZ,24h,n,3
H02,2,CTZ,24h,y,4
H02,3,CTZ,24h,n,2
H02,3,CTZ,24h,y,3
H02,1,CTT,24h,n,0.5
H02,1,CTT,24h,y,0.5
H02,2,CTT,24h,n,0.5
H02,2,CTT,24h,y,0.75
H02,3,CTT,24h,n,0.5
H02,3,CTT,24h,y,0.75
H02,1,CIP,48h,n,0.19
H02,1,CIP,48h,y,0.19
H02,2,CIP,48h,n,0.19
H02,2,CIP,48h,y,0.19
H02,3,CIP,48h,n,0.25
H02,3,CIP,48h,y,0.25
H02,1,GEN,48h,n,1
H02,1,GEN,48h,y,1
H02,2,GEN,48h,n,2
H02,2,GEN,48h,y,2
H02,3,GEN,48h,n,1.5
H02,3,GEN,48h,y,1.5
H02,1,TOB,48h,n,1.5
H02,1,TOB,48h,y,1.5
H02,2,TOB,48h,n,1
H02,2,TOB,48h,y,1
H02,3,TOB,48h,n,1.5
H02,3,TOB,48h,y,1.5
H02,1,MER,48h,n,0.047
H02,1,MER,48h,y,0.125
H02,2,MER,48h,n,0.047
H02,2,MER,48h,y,0.094
H02,3,MER,48h,n,0.047
H02,3,MER,48h,y,0.094
H02,1,PIT,48h,n,8
H02,1,PIT,48h,y,12
H02,2,PIT,48h,n,8
H02,2,PIT,48h,y,8
H02,3,PIT,48h,n,8
H02,3,PIT,48h,y,8
H02,1,COL,48h,n,4
H02,1,COL,48h,y,12
H02,2,COL,48h,n,6
H02,2,COL,48h,y,6
H02,3,COL,48h,n,4
H02,3,COL,48h,y,4
H02,1,AMI,48h,n,6
H02,1,AMI,48h,y,6
H02,2,AMI,48h,n,6
H02,2,AMI,48h,y,6
H02,3,AMI,48h,n,8
H02,3,AMI,48h,y,8
H02,1,CTZ,48h,n,2
H02,1,CTZ,48h,y,3
H02,2,CTZ,48h,n,3
H02,2,CTZ,48h,y,4
H02,3,CTZ,48h,n,2
H02,3,CTZ,48h,y,3
H02,1,CTT,48h,n,0.5
H02,1,CTT,48h,y,0.5
H02,2,CTT,48h,n,0.5
H02,2,CTT,48h,y,0.75
H02,3,CTT,48h,n,0.5
H02,3,CTT,48h,y,0.75
H03,1,CIP,24h,n,32
H03,1,CIP,24h,y,32
H03,2,CIP,24h,n,32
H03,2,CIP,24h,y,32
H03,3,CIP,24h,n,32
H03,3,CIP,24h,y,32
H03,1,GEN,24h,n,64
H03,1,GEN,24h,y,64
H03,2,GEN,24h,n,32
H03,2,GEN,24h,y,256
H03,3,GEN,24h,n,64
H03,3,GEN,24h,y,256
H03,1,TOB,24h,n,64
H03,1,TOB,24h,y,64
H03,2,TOB,24h,n,48
H03,2,TOB,24h,y,96
H03,3,TOB,24h,n,64
H03,3,TOB,24h,y,64
H03,1,MER,24h,n,0.094
H03,1,MER,24h,y,0.094
H03,2,MER,24h,n,0.125
H03,2,MER,24h,y,0.125
H03,3,MER,24h,n,0.19
H03,3,MER,24h,y,0.5
H03,1,PIT,24h,n,12
H03,1,PIT,24h,y,12
H03,2,PIT,24h,n,12
H03,2,PIT,24h,y,12
H03,3,PIT,24h,n,12
H03,3,PIT,24h,y,12
H03,1,COL,24h,n,2
H03,1,COL,24h,y,2
H03,2,COL,24h,n,2
H03,2,COL,24h,y,2
H03,3,COL,24h,n,2
H03,3,COL,24h,y,2
H03,1,AMI,24h,n,24
H03,1,AMI,24h,y,64
H03,2,AMI,24h,n,24
H03,2,AMI,24h,y,48
H03,3,AMI,24h,n,32
H03,3,AMI,24h,y,48
H03,1,CTZ,24h,n,6
H03,1,CTZ,24h,y,8
H03,2,CTZ,24h,n,3
H03,2,CTZ,24h,y,3
H03,3,CTZ,24h,n,12
H03,3,CTZ,24h,y,12
H03,1,CTT,24h,n,0.38
H03,1,CTT,24h,y,0.38
H03,2,CTT,24h,n,0.25
H03,2,CTT,24h,y,0.25
H03,3,CTT,24h,n,0.5
H03,3,CTT,24h,y,0.5
H03,1,CIP,48h,n,32
H03,1,CIP,48h,y,32
H03,2,CIP,48h,n,32
H03,2,CIP,48h,y,32
H03,3,CIP,48h,n,32
H03,3,CIP,48h,y,32
H03,1,GEN,48h,n,32
H03,1,GEN,48h,y,256
H03,2,GEN,48h,n,64
H03,2,GEN,48h,y,64
H03,3,GEN,48h,n,64
H03,3,GEN,48h,y,256
H03,1,TOB,48h,n,32
H03,1,TOB,48h,y,96
H03,2,TOB,48h,n,64
H03,2,TOB,48h,y,64
H03,3,TOB,48h,n,64
H03,3,TOB,48h,y,64
H03,1,MER,48h,n,0.094
H03,1,MER,48h,y,0.19
H03,2,MER,48h,n,0.125
H03,2,MER,48h,y,0.19
H03,3,MER,48h,n,0.19
H03,3,MER,48h,y,0.5
H03,1,PIT,48h,n,12
H03,1,PIT,48h,y,24
H03,2,PIT,48h,n,12
H03,2,PIT,48h,y,24
H03,3,PIT,48h,n,12
H03,3,PIT,48h,y,12
H03,1,COL,48h,n,2
H03,1,COL,48h,y,2
H03,2,COL,48h,n,2
H03,2,COL,48h,y,2
H03,3,COL,48h,n,2
H03,3,COL,48h,y,2
H03,1,AMI,48h,n,24
H03,1,AMI,48h,y,64
H03,2,AMI,48h,n,24
H03,2,AMI,48h,y,48
H03,3,AMI,48h,n,32
H03,3,AMI,48h,y,48
H03,1,CTZ,48h,n,6
H03,1,CTZ,48h,y,8
H03,2,CTZ,48h,n,3
H03,2,CTZ,48h,y,3
H03,3,CTZ,48h,n,12
H03,3,CTZ,48h,y,16
H03,1,CTT,48h,n,0.38
H03,1,CTT,48h,y,0.38
H03,2,CTT,48h,n,0.25
H03,2,CTT,48h,y,0.38
H03,3,CTT,48h,n,0.5
H03,3,CTT,48h,y,1
H04,1,CIP,24h,n,0.032
H04,1,CIP,24h,y,0.064
H04,2,CIP,24h,n,0.047
H04,2,CIP,24h,y,0.125
H04,3,CIP,24h,n,0.064
H04,3,CIP,24h,y,0.125
H04,1,GEN,24h,n,1
H04,1,GEN,24h,y,1
H04,2,GEN,24h,n,1
H04,2,GEN,24h,y,1
H04,3,GEN,24h,n,1
H04,3,GEN,24h,y,1
H04,1,TOB,24h,n,0.75
H04,1,TOB,24h,y,0.75
H04,2,TOB,24h,n,1
H04,2,TOB,24h,y,1
H04,3,TOB,24h,n,0.75
H04,3,TOB,24h,y,0.75
H04,1,MER,24h,n,0.023
H04,1,MER,24h,y,0.023
H04,2,MER,24h,n,0.023
H04,2,MER,24h,y,0.023
H04,3,MER,24h,n,0.023
H04,3,MER,24h,y,0.023
H04,1,PIT,24h,n,1.5
H04,1,PIT,24h,y,1.5
H04,2,PIT,24h,n,2
H04,2,PIT,24h,y,2
H04,3,PIT,24h,n,2
H04,3,PIT,24h,y,2
H04,1,COL,24h,n,3
H04,1,COL,24h,y,3
H04,2,COL,24h,n,3
H04,2,COL,24h,y,3
H04,3,COL,24h,n,3
H04,3,COL,24h,y,3
H04,1,AMI,24h,n,6
H04,1,AMI,24h,y,6
H04,2,AMI,24h,n,8
H04,2,AMI,24h,y,8
H04,3,AMI,24h,n,8
H04,3,AMI,24h,y,24
H04,1,CTZ,24h,n,1.5
H04,1,CTZ,24h,y,2
H04,2,CTZ,24h,n,1
H04,2,CTZ,24h,y,2
H04,3,CTZ,24h,n,1.5
H04,3,CTZ,24h,y,2
H04,1,CTT,24h,n,0.5
H04,1,CTT,24h,y,0.75
H04,2,CTT,24h,n,0.5
H04,2,CTT,24h,y,0.5
H04,3,CTT,24h,n,0.38
H04,3,CTT,24h,y,0.38
H04,1,CIP,48h,n,0.032
H04,1,CIP,48h,y,0.064
H04,2,CIP,48h,n,0.047
H04,2,CIP,48h,y,0.125
H04,3,CIP,48h,n,0.064
H04,3,CIP,48h,y,0.064
H04,1,GEN,48h,n,1
H04,1,GEN,48h,y,1
H04,2,GEN,48h,n,1
H04,2,GEN,48h,y,1
H04,3,GEN,48h,n,1
H04,3,GEN,48h,y,1
H04,1,TOB,48h,n,0.75
H04,1,TOB,48h,y,0.75
H04,2,TOB,48h,n,1
H04,2,TOB,48h,y,1
H04,3,TOB,48h,n,0.75
H04,3,TOB,48h,y,0.75
H04,1,MER,48h,n,0.023
H04,1,MER,48h,y,0.023
H04,2,MER,48h,n,0.032
H04,2,MER,48h,y,0.032
H04,3,MER,48h,n,0.032
H04,3,MER,48h,y,0.032
H04,1,PIT,48h,n,2
H04,1,PIT,48h,y,2
H04,2,PIT,48h,n,2
H04,2,PIT,48h,y,2
H04,3,PIT,48h,n,2
H04,3,PIT,48h,y,2
H04,1,COL,48h,n,3
H04,1,COL,48h,y,3
H04,2,COL,48h,n,3
H04,2,COL,48h,y,3
H04,3,COL,48h,n,3
H04,3,COL,48h,y,3
H04,1,AMI,48h,n,6
H04,1,AMI,48h,y,6
H04,2,AMI,48h,n,8
H04,2,AMI,48h,y,8
H04,3,AMI,48h,n,8
H04,3,AMI,48h,y,24
H04,1,CTZ,48h,n,1.5
H04,1,CTZ,48h,y,2
H04,2,CTZ,48h,n,1
H04,2,CTZ,48h,y,2
H04,3,CTZ,48h,n,1.5
H04,3,CTZ,48h,y,2
H04,1,CTT,48h,n,0.5
H04,1,CTT,48h,y,0.75
H04,2,CTT,48h,n,0.5
H04,2,CTT,48h,y,0.5
H04,3,CTT,48h,n,0.38
H04,3,CTT,48h,y,0.5
H05,1,CIP,24h,n,0.125
H05,1,CIP,24h,y,0.125
H05,2,CIP,24h,n,0.094
H05,2,CIP,24h,y,0.094
H05,3,CIP,24h,n,0.125
H05,3,CIP,24h,y,0.125
H05,1,GEN,24h,n,2
H05,1,GEN,24h,y,2
H05,2,GEN,24h,n,1
H05,2,GEN,24h,y,1
H05,3,GEN,24h,n,1.5
H05,3,GEN,24h,y,1.5
H05,1,TOB,24h,n,1.5
H05,1,TOB,24h,y,1.5
H05,2,TOB,24h,n,1.5
H05,2,TOB,24h,y,1.5
H05,3,TOB,24h,n,2
H05,3,TOB,24h,y,2
H05,1,MER,24h,n,0.064
H05,1,MER,24h,y,0.094
H05,2,MER,24h,n,0.064
H05,2,MER,24h,y,0.094
H05,3,MER,24h,n,0.023
H05,3,MER,24h,y,0.047
H05,1,PIT,24h,n,8
H05,1,PIT,24h,y,8
H05,2,PIT,24h,n,3
H05,2,PIT,24h,y,3
H05,3,PIT,24h,n,8
H05,3,PIT,24h,y,8
H05,1,COL,24h,n,3
H05,1,COL,24h,y,4
H05,2,COL,24h,n,3
H05,2,COL,24h,y,6
H05,3,COL,24h,n,3
H05,3,COL,24h,y,8
H05,1,AMI,24h,n,6
H05,1,AMI,24h,y,6
H05,2,AMI,24h,n,8
H05,2,AMI,24h,y,8
H05,3,AMI,24h,n,6
H05,3,AMI,24h,y,12
H05,1,CTZ,24h,n,1.5
H05,1,CTZ,24h,y,1.5
H05,2,CTZ,24h,n,2
H05,2,CTZ,24h,y,3
H05,3,CTZ,24h,n,2
H05,3,CTZ,24h,y,2
H05,1,CTT,24h,n,0.25
H05,1,CTT,24h,y,0.38
H05,2,CTT,24h,n,0.38
H05,2,CTT,24h,y,0.38
H05,3,CTT,24h,n,0.38
H05,3,CTT,24h,y,0.5
H05,1,CIP,48h,n,0.125
H05,1,CIP,48h,y,0.125
H05,2,CIP,48h,n,0.094
H05,2,CIP,48h,y,0.094
H05,3,CIP,48h,n,0.125
H05,3,CIP,48h,y,0.19
H05,1,GEN,48h,n,2
H05,1,GEN,48h,y,2
H05,2,GEN,48h,n,1
H05,2,GEN,48h,y,1
H05,3,GEN,48h,n,1.5
H05,3,GEN,48h,y,1.5
H05,1,TOB,48h,n,1.5
H05,1,TOB,48h,y,1.5
H05,2,TOB,48h,n,1.5
H05,2,TOB,48h,y,1.5
H05,3,TOB,48h,n,2
H05,3,TOB,48h,y,2
H05,1,MER,48h,n,0.064
H05,1,MER,48h,y,0.094
H05,2,MER,48h,n,0.064
H05,2,MER,48h,y,0.25
H05,3,MER,48h,n,0.023
H05,3,MER,48h,y,0.047
H05,1,PIT,48h,n,8
H05,1,PIT,48h,y,16
H05,2,PIT,48h,n,3
H05,2,PIT,48h,y,4
H05,3,PIT,48h,n,8
H05,3,PIT,48h,y,8
H05,1,COL,48h,n,3
H05,1,COL,48h,y,4
H05,2,COL,48h,n,3
H05,2,COL,48h,y,6
H05,3,COL,48h,n,3
H05,3,COL,48h,y,8
H05,1,AMI,48h,n,6
H05,1,AMI,48h,y,6
H05,2,AMI,48h,n,8
H05,2,AMI,48h,y,8
H05,3,AMI,48h,n,8
H05,3,AMI,48h,y,12
H05,1,CTZ,48h,n,1.5
H05,1,CTZ,48h,y,1.5
H05,2,CTZ,48h,n,2
H05,2,CTZ,48h,y,3
H05,3,CTZ,48h,n,2
H05,3,CTZ,48h,y,3
H05,1,CTT,48h,n,0.25
H05,1,CTT,48h,y,0.38
H05,2,CTT,48h,n,0.38
H05,2,CTT,48h,y,0.38
H05,3,CTT,48h,n,0.38
H05,3,CTT,48h,y,0.5
H06,1,CIP,24h,n,32
H06,1,CIP,24h,y,32
H06,2,CIP,24h,n,32
H06,2,CIP,24h,y,32
H06,3,CIP,24h,n,32
H06,3,CIP,24h,y,32
H06,1,GEN,24h,n,1.5
H06,1,GEN,24h,y,1.5
H06,2,GEN,24h,n,1
H06,2,GEN,24h,y,1
H06,3,GEN,24h,n,1.5
H06,3,GEN,24h,y,1.5
H06,1,TOB,24h,n,1.5
H06,1,TOB,24h,y,1.5
H06,2,TOB,24h,n,1.5
H06,2,TOB,24h,y,1.5
H06,3,TOB,24h,n,1.5
H06,3,TOB,24h,y,1.5
H06,1,MER,24h,n,0.047
H06,1,MER,24h,y,0.047
H06,2,MER,24h,n,0.047
H06,2,MER,24h,y,0.047
H06,3,MER,24h,n,0.032
H06,3,MER,24h,y,0.032
H06,1,PIT,24h,n,12
H06,1,PIT,24h,y,12
H06,2,PIT,24h,n,16
H06,2,PIT,24h,y,16
H06,3,PIT,24h,n,16
H06,3,PIT,24h,y,16
H06,1,COL,24h,n,2
H06,1,COL,24h,y,2
H06,2,COL,24h,n,4
H06,2,COL,24h,y,4
H06,3,COL,24h,n,1.5
H06,3,COL,24h,y,1.5
H06,1,AMI,24h,n,16
H06,1,AMI,24h,y,16
H06,2,AMI,24h,n,12
H06,2,AMI,24h,y,12
H06,3,AMI,24h,n,24
H06,3,AMI,24h,y,24
H06,1,CTZ,24h,n,4
H06,1,CTZ,24h,y,4
H06,2,CTZ,24h,n,3
H06,2,CTZ,24h,y,3
H06,3,CTZ,24h,n,6
H06,3,CTZ,24h,y,6
H06,1,CTT,24h,n,0.19
H06,1,CTT,24h,y,0.19
H06,2,CTT,24h,n,0.38
H06,2,CTT,24h,y,0.38
H06,3,CTT,24h,n,0.38
H06,3,CTT,24h,y,0.38
H06,1,CIP,48h,n,32
H06,1,CIP,48h,y,32
H06,2,CIP,48h,n,32
H06,2,CIP,48h,y,32
H06,3,CIP,48h,n,32
H06,3,CIP,48h,y,32
H06,1,GEN,48h,n,1.5
H06,1,GEN,48h,y,1.5
H06,2,GEN,48h,n,1
H06,2,GEN,48h,y,1
H06,3,GEN,48h,n,1.5
H06,3,GEN,48h,y,1.5
H06,1,TOB,48h,n,1.5
H06,1,TOB,48h,y,1.5
H06,2,TOB,48h,n,1.5
H06,2,TOB,48h,y,1.5
H06,3,TOB,48h,n,1.5
H06,3,TOB,48h,y,1.5
H06,1,MER,48h,n,0.047
H06,1,MER,48h,y,0.047
H06,2,MER,48h,n,0.047
H06,2,MER,48h,y,0.047
H06,3,MER,48h,n,0.047
H06,3,MER,48h,y,0.047
H06,1,PIT,48h,n,12
H06,1,PIT,48h,y,12
H06,2,PIT,48h,n,16
H06,2,PIT,48h,y,16
H06,3,PIT,48h,n,16
H06,3,PIT,48h,y,16
H06,1,COL,48h,n,2
H06,1,COL,48h,y,2
H06,2,COL,48h,n,4
H06,2,COL,48h,y,4
H06,3,COL,48h,n,1.5
H06,3,COL,48h,y,1.5
H06,1,AMI,48h,n,16
H06,1,AMI,48h,y,24
H06,2,AMI,48h,n,12
H06,2,AMI,48h,y,12
H06,3,AMI,48h,n,24
H06,3,AMI,48h,y,24
H06,1,CTZ,48h,n,4
H06,1,CTZ,48h,y,6
H06,2,CTZ,48h,n,3
H06,2,CTZ,48h,y,3
H06,3,CTZ,48h,n,6
H06,3,CTZ,48h,y,6
H06,1,CTT,48h,n,0.19
H06,1,CTT,48h,y,0.19
H06,2,CTT,48h,n,0.38
H06,2,CTT,48h,y,0.38
H06,3,CTT,48h,n,0.38
H06,3,CTT,48h,y,0.38
H07,1,CIP,24h,n,0.094
H07,1,CIP,24h,y,0.094
H07,2,CIP,24h,n,0.125
H07,2,CIP,24h,y,0.125
H07,3,CIP,24h,n,0.125
H07,3,CIP,24h,y,0.125
H07,1,GEN,24h,n,1
H07,1,GEN,24h,y,1
H07,2,GEN,24h,n,1.5
H07,2,GEN,24h,y,1.5
H07,3,GEN,24h,n,1.5
H07,3,GEN,24h,y,1.5
H07,1,TOB,24h,n,2
H07,1,TOB,24h,y,2
H07,2,TOB,24h,n,1.5
H07,2,TOB,24h,y,1.5
H07,3,TOB,24h,n,2
H07,3,TOB,24h,y,2
H07,1,MER,24h,n,0.023
H07,1,MER,24h,y,0.023
H07,2,MER,24h,n,0.023
H07,2,MER,24h,y,0.023
H07,3,MER,24h,n,0.023
H07,3,MER,24h,y,0.023
H07,1,PIT,24h,n,3
H07,1,PIT,24h,y,3
H07,2,PIT,24h,n,2
H07,2,PIT,24h,y,2
H07,3,PIT,24h,n,4
H07,3,PIT,24h,y,4
H07,1,COL,24h,n,2
H07,1,COL,24h,y,2
H07,2,COL,24h,n,NA
H07,2,COL,24h,y,NA
H07,3,COL,24h,n,3
H07,3,COL,24h,y,3
H07,1,AMI,24h,n,24
H07,1,AMI,24h,y,24
H07,2,AMI,24h,n,NA
H07,2,AMI,24h,y,NA
H07,3,AMI,24h,n,16
H07,3,AMI,24h,y,16
H07,1,CTZ,24h,n,2
H07,1,CTZ,24h,y,3
H07,2,CTZ,24h,n,NA
H07,2,CTZ,24h,y,NA
H07,3,CTZ,24h,n,2
H07,3,CTZ,24h,y,3
H07,1,CTT,24h,n,0.5
H07,1,CTT,24h,y,0.75
H07,2,CTT,24h,n,NA
H07,2,CTT,24h,y,NA
H07,3,CTT,24h,n,1
H07,3,CTT,24h,y,1
H07,1,CIP,48h,n,0.064
H07,1,CIP,48h,y,0.064
H07,2,CIP,48h,n,0.125
H07,2,CIP,48h,y,0.125
H07,3,CIP,48h,n,0.125
H07,3,CIP,48h,y,0.125
H07,1,GEN,48h,n,1.5
H07,1,GEN,48h,y,1.5
H07,2,GEN,48h,n,1.5
H07,2,GEN,48h,y,1.5
H07,3,GEN,48h,n,1.5
H07,3,GEN,48h,y,1.5
H07,1,TOB,48h,n,1.5
H07,1,TOB,48h,y,1.5
H07,2,TOB,48h,n,1
H07,2,TOB,48h,y,1
H07,3,TOB,48h,n,2
H07,3,TOB,48h,y,2
H07,1,MER,48h,n,0.023
H07,1,MER,48h,y,0.023
H07,2,MER,48h,n,0.032
H07,2,MER,48h,y,0.032
H07,3,MER,48h,n,0.023
H07,3,MER,48h,y,0.023
H07,1,PIT,48h,n,3
H07,1,PIT,48h,y,3
H07,2,PIT,48h,n,2
H07,2,PIT,48h,y,3
H07,3,PIT,48h,n,4
H07,3,PIT,48h,y,4
H07,1,COL,48h,n,4
H07,1,COL,48h,y,4
H07,2,COL,48h,n,NA
H07,2,COL,48h,y,NA
H07,3,COL,48h,n,3
H07,3,COL,48h,y,3
H07,1,AMI,48h,n,24
H07,1,AMI,48h,y,24
H07,2,AMI,48h,n,NA
H07,2,AMI,48h,y,NA
H07,3,AMI,48h,n,16
H07,3,AMI,48h,y,32
H07,1,CTZ,48h,n,2
H07,1,CTZ,48h,y,3
H07,2,CTZ,48h,n,NA
H07,2,CTZ,48h,y,NA
H07,3,CTZ,48h,n,2
H07,3,CTZ,48h,y,3
H07,1,CTT,48h,n,0.5
H07,1,CTT,48h,y,0.75
H07,2,CTT,48h,n,NA
H07,2,CTT,48h,y,NA
H07,3,CTT,48h,n,1
H07,3,CTT,48h,y,1
H08,1,CIP,24h,n,1
H08,1,CIP,24h,y,1
H08,2,CIP,24h,n,0.75
H08,2,CIP,24h,y,1.5
H08,3,CIP,24h,n,1
H08,3,CIP,24h,y,1.5
H08,1,GEN,24h,n,1
H08,1,GEN,24h,y,1
H08,2,GEN,24h,n,1.5
H08,2,GEN,24h,y,1.5
H08,3,GEN,24h,n,1.5
H08,3,GEN,24h,y,1.5
H08,1,TOB,24h,n,1.5
H08,1,TOB,24h,y,1.5
H08,2,TOB,24h,n,1.5
H08,2,TOB,24h,y,1.5
H08,3,TOB,24h,n,1.5
H08,3,TOB,24h,y,1.5
H08,1,MER,24h,n,0.064
H08,1,MER,24h,y,0.064
H08,2,MER,24h,n,0.125
H08,2,MER,24h,y,0.25
H08,3,MER,24h,n,0.094
H08,3,MER,24h,y,0.094
H08,1,PIT,24h,n,6
H08,1,PIT,24h,y,6
H08,2,PIT,24h,n,6
H08,2,PIT,24h,y,6
H08,3,PIT,24h,n,6
H08,3,PIT,24h,y,6
H08,1,COL,24h,n,4
H08,1,COL,24h,y,4
H08,2,COL,24h,n,4
H08,2,COL,24h,y,4
H08,3,COL,24h,n,3
H08,3,COL,24h,y,3
H08,1,AMI,24h,n,12
H08,1,AMI,24h,y,12
H08,2,AMI,24h,n,12
H08,2,AMI,24h,y,12
H08,3,AMI,24h,n,16
H08,3,AMI,24h,y,48
H08,1,CTZ,24h,n,3
H08,1,CTZ,24h,y,3
H08,2,CTZ,24h,n,2
H08,2,CTZ,24h,y,2
H08,3,CTZ,24h,n,2
H08,3,CTZ,24h,y,2
H08,1,CTT,24h,n,0.5
H08,1,CTT,24h,y,0.5
H08,2,CTT,24h,n,0.5
H08,2,CTT,24h,y,0.5
H08,3,CTT,24h,n,0.5
H08,3,CTT,24h,y,0.5
H08,1,CIP,48h,n,1
H08,1,CIP,48h,y,1.5
H08,2,CIP,48h,n,1
H08,2,CIP,48h,y,1.5
H08,3,CIP,48h,n,1
H08,3,CIP,48h,y,1.5
H08,1,GEN,48h,n,1.5
H08,1,GEN,48h,y,1.5
H08,2,GEN,48h,n,1.5
H08,2,GEN,48h,y,1.5
H08,3,GEN,48h,n,1
H08,3,GEN,48h,y,1
H08,1,TOB,48h,n,1.5
H08,1,TOB,48h,y,1.5
H08,2,TOB,48h,n,1.5
H08,2,TOB,48h,y,1.5
H08,3,TOB,48h,n,1.5
H08,3,TOB,48h,y,1.5
H08,1,MER,48h,n,0.064
H08,1,MER,48h,y,0.064
H08,2,MER,48h,n,0.125
H08,2,MER,48h,y,0.25
H08,3,MER,48h,n,0.094
H08,3,MER,48h,y,0.094
H08,1,PIT,48h,n,6
H08,1,PIT,48h,y,6
H08,2,PIT,48h,n,8
H08,2,PIT,48h,y,8
H08,3,PIT,48h,n,6
H08,3,PIT,48h,y,6
H08,1,COL,48h,n,4
H08,1,COL,48h,y,4
H08,2,COL,48h,n,4
H08,2,COL,48h,y,4
H08,3,COL,48h,n,3
H08,3,COL,48h,y,3
H08,1,AMI,48h,n,12
H08,1,AMI,48h,y,12
H08,2,AMI,48h,n,12
H08,2,AMI,48h,y,16
H08,3,AMI,48h,n,16
H08,3,AMI,48h,y,48
H08,1,CTZ,48h,n,3
H08,1,CTZ,48h,y,3
H08,2,CTZ,48h,n,2
H08,2,CTZ,48h,y,2
H08,3,CTZ,48h,n,2
H08,3,CTZ,48h,y,3
H08,1,CTT,48h,n,0.5
H08,1,CTT,48h,y,0.5
H08,2,CTT,48h,n,0.5
H08,2,CTT,48h,y,0.5
H08,3,CTT,48h,n,0.5
H08,3,CTT,48h,y,0.5
H09,1,CIP,24h,n,0.125
H09,1,CIP,24h,y,0.125
H09,2,CIP,24h,n,0.125
H09,2,CIP,24h,y,0.19
H09,3,CIP,24h,n,0.094
H09,3,CIP,24h,y,0.125
H09,1,GEN,24h,n,2
H09,1,GEN,24h,y,2
H09,2,GEN,24h,n,2
H09,2,GEN,24h,y,2
H09,3,GEN,24h,n,2
H09,3,GEN,24h,y,2
H09,1,TOB,24h,n,1.5
H09,1,TOB,24h,y,1.5
H09,2,TOB,24h,n,1.5
H09,2,TOB,24h,y,1.5
H09,3,TOB,24h,n,2
H09,3,TOB,24h,y,2
H09,1,MER,24h,n,0.023
H09,1,MER,24h,y,0.023
H09,2,MER,24h,n,0.023
H09,2,MER,24h,y,0.023
H09,3,MER,24h,n,0.023
H09,3,MER,24h,y,0.023
H09,1,PIT,24h,n,2
H09,1,PIT,24h,y,2
H09,2,PIT,24h,n,3
H09,2,PIT,24h,y,3
H09,3,PIT,24h,n,3
H09,3,PIT,24h,y,3
H09,1,COL,24h,n,4
H09,1,COL,24h,y,4
H09,2,COL,24h,n,4
H09,2,COL,24h,y,4
H09,3,COL,24h,n,2
H09,3,COL,24h,y,2
H09,1,AMI,24h,n,32
H09,1,AMI,24h,y,32
H09,2,AMI,24h,n,24
H09,2,AMI,24h,y,24
H09,3,AMI,24h,n,8
H09,3,AMI,24h,y,8
H09,1,CTZ,24h,n,0.75
H09,1,CTZ,24h,y,0.75
H09,2,CTZ,24h,n,1.5
H09,2,CTZ,24h,y,1.5
H09,3,CTZ,24h,n,0.75
H09,3,CTZ,24h,y,0.75
H09,1,CTT,24h,n,0.25
H09,1,CTT,24h,y,0.38
H09,2,CTT,24h,n,0.75
H09,2,CTT,24h,y,0.75
H09,3,CTT,24h,n,0.38
H09,3,CTT,24h,y,0.38
H09,1,CIP,48h,n,0.125
H09,1,CIP,48h,y,0.19
H09,2,CIP,48h,n,0.125
H09,2,CIP,48h,y,0.19
H09,3,CIP,48h,n,0.094
H09,3,CIP,48h,y,0.125
H09,1,GEN,48h,n,2
H09,1,GEN,48h,y,2
H09,2,GEN,48h,n,2
H09,2,GEN,48h,y,2
H09,3,GEN,48h,n,2
H09,3,GEN,48h,y,2
H09,1,TOB,48h,n,1.5
H09,1,TOB,48h,y,1.5
H09,2,TOB,48h,n,1.5
H09,2,TOB,48h,y,1.5
H09,3,TOB,48h,n,2
H09,3,TOB,48h,y,2
H09,1,MER,48h,n,0.023
H09,1,MER,48h,y,0.023
H09,2,MER,48h,n,0.032
H09,2,MER,48h,y,0.032
H09,3,MER,48h,n,0.032
H09,3,MER,48h,y,0.032
H09,1,PIT,48h,n,2
H09,1,PIT,48h,y,2
H09,2,PIT,48h,n,3
H09,2,PIT,48h,y,3
H09,3,PIT,48h,n,3
H09,3,PIT,48h,y,3
H09,1,COL,48h,n,4
H09,1,COL,48h,y,4
H09,2,COL,48h,n,4
H09,2,COL,48h,y,4
H09,3,COL,48h,n,2
H09,3,COL,48h,y,2
H09,1,AMI,48h,n,32
H09,1,AMI,48h,y,32
H09,2,AMI,48h,n,24
H09,2,AMI,48h,y,24
H09,3,AMI,48h,n,8
H09,3,AMI,48h,y,8
H09,1,CTZ,48h,n,0.75
H09,1,CTZ,48h,y,0.75
H09,2,CTZ,48h,n,1.5
H09,2,CTZ,48h,y,1.5
H09,3,CTZ,48h,n,0.75
H09,3,CTZ,48h,y,0.75
H09,1,CTT,48h,n,0.25
H09,1,CTT,48h,y,0.38
H09,2,CTT,48h,n,0.75
H09,2,CTT,48h,y,0.75
H09,3,CTT,48h,n,0.38
H09,3,CTT,48h,y,0.38
H10,1,CIP,24h,n,0.094
H10,1,CIP,24h,y,0.125
H10,2,CIP,24h,n,0.094
H10,2,CIP,24h,y,0.094
H10,3,CIP,24h,n,0.064
H10,3,CIP,24h,y,0.064
H10,1,GEN,24h,n,0.75
H10,1,GEN,24h,y,0.75
H10,2,GEN,24h,n,0.75
H10,2,GEN,24h,y,0.75
H10,3,GEN,24h,n,1
H10,3,GEN,24h,y,1
H10,1,TOB,24h,n,1.5
H10,1,TOB,24h,y,1.5
H10,2,TOB,24h,n,1.5
H10,2,TOB,24h,y,1.5
H10,3,TOB,24h,n,1.5
H10,3,TOB,24h,y,1.5
H10,1,MER,24h,n,0.016
H10,1,MER,24h,y,0.032
H10,2,MER,24h,n,0.016
H10,2,MER,24h,y,0.023
H10,3,MER,24h,n,0.023
H10,3,MER,24h,y,0.023
H10,1,PIT,24h,n,1.5
H10,1,PIT,24h,y,1.5
H10,2,PIT,24h,n,2
H10,2,PIT,24h,y,2
H10,3,PIT,24h,n,4
H10,3,PIT,24h,y,4
H10,1,COL,24h,n,3
H10,1,COL,24h,y,3
H10,2,COL,24h,n,2
H10,2,COL,24h,y,2
H10,3,COL,24h,n,3
H10,3,COL,24h,y,3
H10,1,AMI,24h,n,8
H10,1,AMI,24h,y,8
H10,2,AMI,24h,n,6
H10,2,AMI,24h,y,8
H10,3,AMI,24h,n,2
H10,3,AMI,24h,y,3
H10,1,CTZ,24h,n,2
H10,1,CTZ,24h,y,3
H10,2,CTZ,24h,n,1.5
H10,2,CTZ,24h,y,2
H10,3,CTZ,24h,n,0.75
H10,3,CTZ,24h,y,1
H10,1,CTT,24h,n,0.19
H10,1,CTT,24h,y,0.25
H10,2,CTT,24h,n,0.5
H10,2,CTT,24h,y,0.5
H10,3,CTT,24h,n,0.5
H10,3,CTT,24h,y,0.5
H10,1,CIP,48h,n,0.094
H10,1,CIP,48h,y,0.125
H10,2,CIP,48h,n,0.094
H10,2,CIP,48h,y,0.094
H10,3,CIP,48h,n,0.064
H10,3,CIP,48h,y,0.064
H10,1,GEN,48h,n,0.75
H10,1,GEN,48h,y,0.75
H10,2,GEN,48h,n,0.75
H10,2,GEN,48h,y,0.75
H10,3,GEN,48h,n,1
H10,3,GEN,48h,y,1
H10,1,TOB,48h,n,1.5
H10,1,TOB,48h,y,1.5
H10,2,TOB,48h,n,1.5
H10,2,TOB,48h,y,1.5
H10,3,TOB,48h,n,1.5
H10,3,TOB,48h,y,1.5
H10,1,MER,48h,n,0.016
H10,1,MER,48h,y,0.016
H10,2,MER,48h,n,0.016
H10,2,MER,48h,y,0.016
H10,3,MER,48h,n,0.023
H10,3,MER,48h,y,0.023
H10,1,PIT,48h,n,1.5
H10,1,PIT,48h,y,1.5
H10,2,PIT,48h,n,1.5
H10,2,PIT,48h,y,1.5
H10,3,PIT,48h,n,4
H10,3,PIT,48h,y,4
H10,1,COL,48h,n,3
H10,1,COL,48h,y,3
H10,2,COL,48h,n,2
H10,2,COL,48h,y,2
H10,3,COL,48h,n,3
H10,3,COL,48h,y,3
H10,1,AMI,48h,n,8
H10,1,AMI,48h,y,8
H10,2,AMI,48h,n,6
H10,2,AMI,48h,y,8
H10,3,AMI,48h,n,2
H10,3,AMI,48h,y,6
H10,1,CTZ,48h,n,2
H10,1,CTZ,48h,y,3
H10,2,CTZ,48h,n,1.5
H10,2,CTZ,48h,y,2
H10,3,CTZ,48h,n,0.75
H10,3,CTZ,48h,y,1
H10,1,CTT,48h,n,0.19
H10,1,CTT,48h,y,0.25
H10,2,CTT,48h,n,0.5
H10,2,CTT,48h,y,0.5
H10,3,CTT,48h,n,0.5
H10,3,CTT,48h,y,0.5
H11,1,CIP,24h,n,32
H11,1,CIP,24h,y,32
H11,2,CIP,24h,n,32
H11,2,CIP,24h,y,32
H11,3,CIP,24h,n,32
H11,3,CIP,24h,y,32
H11,1,GEN,24h,n,1.5
H11,1,GEN,24h,y,1.5
H11,2,GEN,24h,n,1.5
H11,2,GEN,24h,y,1.5
H11,3,GEN,24h,n,1.5
H11,3,GEN,24h,y,1.5
H11,1,TOB,24h,n,2
H11,1,TOB,24h,y,2
H11,2,TOB,24h,n,1.5
H11,2,TOB,24h,y,1.5
H11,3,TOB,24h,n,1.5
H11,3,TOB,24h,y,1.5
H11,1,MER,24h,n,0.094
H11,1,MER,24h,y,0.09
H11,2,MER,24h,n,0.094
H11,2,MER,24h,y,0.125
H11,3,MER,24h,n,0.094
H11,3,MER,24h,y,0.094
H11,1,PIT,24h,n,8
H11,1,PIT,24h,y,8
H11,2,PIT,24h,n,8
H11,2,PIT,24h,y,8
H11,3,PIT,24h,n,8
H11,3,PIT,24h,y,8
H11,1,COL,24h,n,4
H11,1,COL,24h,y,4
H11,2,COL,24h,n,4
H11,2,COL,24h,y,4
H11,3,COL,24h,n,3
H11,3,COL,24h,y,3
H11,1,AMI,24h,n,8
H11,1,AMI,24h,y,12
H11,2,AMI,24h,n,16
H11,2,AMI,24h,y,16
H11,3,AMI,24h,n,12
H11,3,AMI,24h,y,12
H11,1,CTZ,24h,n,4
H11,1,CTZ,24h,y,4
H11,2,CTZ,24h,n,3
H11,2,CTZ,24h,y,3
H11,3,CTZ,24h,n,3
H11,3,CTZ,24h,y,3
H11,1,CTT,24h,n,0.5
H11,1,CTT,24h,y,0.5
H11,2,CTT,24h,n,0.75
H11,2,CTT,24h,y,0.75
H11,3,CTT,24h,n,0.75
H11,3,CTT,24h,y,0.75
H11,1,CIP,48h,n,32
H11,1,CIP,48h,y,32
H11,2,CIP,48h,n,32
H11,2,CIP,48h,y,32
H11,3,CIP,48h,n,32
H11,3,CIP,48h,y,32
H11,1,GEN,48h,n,1.5
H11,1,GEN,48h,y,1.5
H11,2,GEN,48h,n,1.5
H11,2,GEN,48h,y,1.5
H11,3,GEN,48h,n,1.5
H11,3,GEN,48h,y,1.5
H11,1,TOB,48h,n,2
H11,1,TOB,48h,y,2
H11,2,TOB,48h,n,1.5
H11,2,TOB,48h,y,1.5
H11,3,TOB,48h,n,1.5
H11,3,TOB,48h,y,1.5
H11,1,MER,48h,n,0.094
H11,1,MER,48h,y,0.094
H11,2,MER,48h,n,0.094
H11,2,MER,48h,y,0.125
H11,3,MER,48h,n,0.094
H11,3,MER,48h,y,0.125
H11,1,PIT,48h,n,8
H11,1,PIT,48h,y,8
H11,2,PIT,48h,n,8
H11,2,PIT,48h,y,8
H11,3,PIT,48h,n,6
H11,3,PIT,48h,y,6
H11,1,COL,48h,n,4
H11,1,COL,48h,y,4
H11,2,COL,48h,n,4
H11,2,COL,48h,y,4
H11,3,COL,48h,n,3
H11,3,COL,48h,y,3
H11,1,AMI,48h,n,8
H11,1,AMI,48h,y,12
H11,2,AMI,48h,n,16
H11,2,AMI,48h,y,16
H11,3,AMI,48h,n,12
H11,3,AMI,48h,y,12
H11,1,CTZ,48h,n,4
H11,1,CTZ,48h,y,4
H11,2,CTZ,48h,n,3
H11,2,CTZ,48h,y,3
H11,3,CTZ,48h,n,3
H11,3,CTZ,48h,y,3
H11,1,CTT,48h,n,0.5
H11,1,CTT,48h,y,0.5
H11,2,CTT,48h,n,0.75
H11,2,CTT,48h,y,0.75
H11,3,CTT,48h,n,0.75
H11,3,CTT,48h,y,0.75
H12,1,CIP,24h,n,32
H12,1,CIP,24h,y,32
H12,2,CIP,24h,n,32
H12,2,CIP,24h,y,32
H12,3,CIP,24h,n,32
H12,3,CIP,24h,y,32
H12,1,GEN,24h,n,1.5
H12,1,GEN,24h,y,1.5
H12,2,GEN,24h,n,1.5
H12,2,GEN,24h,y,1.5
H12,3,GEN,24h,n,1.5
H12,3,GEN,24h,y,1.5
H12,1,TOB,24h,n,1
H12,1,TOB,24h,y,1.5
H12,2,TOB,24h,n,1.5
H12,2,TOB,24h,y,1.5
H12,3,TOB,24h,n,1.5
H12,3,TOB,24h,y,1.5
H12,1,MER,24h,n,16
H12,1,MER,24h,y,16
H12,2,MER,24h,n,12
H12,2,MER,24h,y,16
H12,3,MER,24h,n,8
H12,3,MER,24h,y,12
H12,1,PIT,24h,n,12
H12,1,PIT,24h,y,12
H12,2,PIT,24h,n,8
H12,2,PIT,24h,y,8
H12,3,PIT,24h,n,6
H12,3,PIT,24h,y,8
H12,1,COL,24h,n,3
H12,1,COL,24h,y,3
H12,2,COL,24h,n,2
H12,2,COL,24h,y,2
H12,3,COL,24h,n,3
H12,3,COL,24h,y,4
H12,1,AMI,24h,n,6
H12,1,AMI,24h,y,6
H12,2,AMI,24h,n,16
H12,2,AMI,24h,y,16
H12,3,AMI,24h,n,6
H12,3,AMI,24h,y,6
H12,1,CTZ,24h,n,1.5
H12,1,CTZ,24h,y,1.5
H12,2,CTZ,24h,n,2
H12,2,CTZ,24h,y,3
H12,3,CTZ,24h,n,6
H12,3,CTZ,24h,y,6
H12,1,CTT,24h,n,0.38
H12,1,CTT,24h,y,0.38
H12,2,CTT,24h,n,0.38
H12,2,CTT,24h,y,0.38
H12,3,CTT,24h,n,0.38
H12,3,CTT,24h,y,0.38
H12,1,CIP,48h,n,32
H12,1,CIP,48h,y,32
H12,2,CIP,48h,n,32
H12,2,CIP,48h,y,32
H12,3,CIP,48h,n,32
H12,3,CIP,48h,y,32
H12,1,GEN,48h,n,1.5
H12,1,GEN,48h,y,1.5
H12,2,GEN,48h,n,1.5
H12,2,GEN,48h,y,1.5
H12,3,GEN,48h,n,1.5
H12,3,GEN,48h,y,1.5
H12,1,TOB,48h,n,1
H12,1,TOB,48h,y,1
H12,2,TOB,48h,n,1.5
H12,2,TOB,48h,y,1.5
H12,3,TOB,48h,n,1.5
H12,3,TOB,48h,y,1.5
H12,1,MER,48h,n,12
H12,1,MER,48h,y,12
H12,2,MER,48h,n,12
H12,2,MER,48h,y,16
H12,3,MER,48h,n,8
H12,3,MER,48h,y,16
H12,1,PIT,48h,n,12
H12,1,PIT,48h,y,12
H12,2,PIT,48h,n,8
H12,2,PIT,48h,y,8
H12,3,PIT,48h,n,6
H12,3,PIT,48h,y,6
H12,1,COL,48h,n,3
H12,1,COL,48h,y,3
H12,2,COL,48h,n,2
H12,2,COL,48h,y,2
H12,3,COL,48h,n,3
H12,3,COL,48h,y,4
H12,1,AMI,48h,n,6
H12,1,AMI,48h,y,6
H12,2,AMI,48h,n,16
H12,2,AMI,48h,y,16
H12,3,AMI,48h,n,6
H12,3,AMI,48h,y,6
H12,1,CTZ,48h,n,1.5
H12,1,CTZ,48h,y,1.5
H12,2,CTZ,48h,n,2
H12,2,CTZ,48h,y,3
H12,3,CTZ,48h,n,6
H12,3,CTZ,48h,y,6
H12,1,CTT,48h,n,0.38
H12,1,CTT,48h,y,0.38
H12,2,CTT,48h,n,0.38
H12,2,CTT,48h,y,0.38
H12,3,CTT,48h,n,0.38
H12,3,CTT,48h,y,0.38
H13,1,CIP,24h,n,0.047
H13,1,CIP,24h,y,0.064
H13,2,CIP,24h,n,0.047
H13,2,CIP,24h,y,0.064
H13,3,CIP,24h,n,0.047
H13,3,CIP,24h,y,0.094
H13,1,GEN,24h,n,1.5
H13,1,GEN,24h,y,1.5
H13,2,GEN,24h,n,NA
H13,2,GEN,24h,y,NA
H13,3,GEN,24h,n,1
H13,3,GEN,24h,y,2
H13,1,TOB,24h,n,1.5
H13,1,TOB,24h,y,1.5
H13,2,TOB,24h,n,NA
H13,2,TOB,24h,y,NA
H13,3,TOB,24h,n,1.5
H13,3,TOB,24h,y,1.5
H13,1,MER,24h,n,0.016
H13,1,MER,24h,y,0.016
H13,2,MER,24h,n,NA
H13,2,MER,24h,y,NA
H13,3,MER,24h,n,0.023
H13,3,MER,24h,y,0.023
H13,1,PIT,24h,n,2
H13,1,PIT,24h,y,2
H13,2,PIT,24h,n,NA
H13,2,PIT,24h,y,NA
H13,3,PIT,24h,n,4
H13,3,PIT,24h,y,4
H13,1,COL,24h,n,4
H13,1,COL,24h,y,4
H13,2,COL,24h,n,4
H13,2,COL,24h,y,4
H13,3,COL,24h,n,4
H13,3,COL,24h,y,4
H13,1,AMI,24h,n,6
H13,1,AMI,24h,y,6
H13,2,AMI,24h,n,6
H13,2,AMI,24h,y,6
H13,3,AMI,24h,n,6
H13,3,AMI,24h,y,6
H13,1,CTZ,24h,n,1.5
H13,1,CTZ,24h,y,1.5
H13,2,CTZ,24h,n,1.5
H13,2,CTZ,24h,y,1.5
H13,3,CTZ,24h,n,2
H13,3,CTZ,24h,y,3
H13,1,CTT,24h,n,0.5
H13,1,CTT,24h,y,0.5
H13,2,CTT,24h,n,0.38
H13,2,CTT,24h,y,0.38
H13,3,CTT,24h,n,0.38
H13,3,CTT,24h,y,0.38
H13,1,CIP,48h,n,0.047
H13,1,CIP,48h,y,0.064
H13,2,CIP,48h,n,0.064
H13,2,CIP,48h,y,0.064
H13,3,CIP,48h,n,0.064
H13,3,CIP,48h,y,0.094
H13,1,GEN,48h,n,1.5
H13,1,GEN,48h,y,1.5
H13,2,GEN,48h,n,NA
H13,2,GEN,48h,y,NA
H13,3,GEN,48h,n,1
H13,3,GEN,48h,y,1
H13,1,TOB,48h,n,1
H13,1,TOB,48h,y,1
H13,2,TOB,48h,n,NA
H13,2,TOB,48h,y,NA
H13,3,TOB,48h,n,1.5
H13,3,TOB,48h,y,1.5
H13,1,MER,48h,n,0.016
H13,1,MER,48h,y,0.016
H13,2,MER,48h,n,NA
H13,2,MER,48h,y,NA
H13,3,MER,48h,n,0.023
H13,3,MER,48h,y,0.023
H13,1,PIT,48h,n,2
H13,1,PIT,48h,y,2
H13,2,PIT,48h,n,NA
H13,2,PIT,48h,y,NA
H13,3,PIT,48h,n,3
H13,3,PIT,48h,y,3
H13,1,COL,48h,n,4
H13,1,COL,48h,y,4
H13,2,COL,48h,n,4
H13,2,COL,48h,y,4
H13,3,COL,48h,n,4
H13,3,COL,48h,y,4
H13,1,AMI,48h,n,6
H13,1,AMI,48h,y,8
H13,2,AMI,48h,n,6
H13,2,AMI,48h,y,6
H13,3,AMI,48h,n,6
H13,3,AMI,48h,y,6
H13,1,CTZ,48h,n,1.5
H13,1,CTZ,48h,y,1.5
H13,2,CTZ,48h,n,1.5
H13,2,CTZ,48h,y,1.5
H13,3,CTZ,48h,n,2
H13,3,CTZ,48h,y,3
H13,1,CTT,48h,n,0.5
H13,1,CTT,48h,y,0.75
H13,2,CTT,48h,n,0.38
H13,2,CTT,48h,y,0.38
H13,3,CTT,48h,n,0.38
H13,3,CTT,48h,y,0.38
H14,1,CIP,24h,n,0.064
H14,1,CIP,24h,y,0.094
H14,2,CIP,24h,n,0.064
H14,2,CIP,24h,y,0.064
H14,3,CIP,24h,n,0.032
H14,3,CIP,24h,y,0.064
H14,1,GEN,24h,n,1.5
H14,1,GEN,24h,y,1.5
H14,2,GEN,24h,n,2
H14,2,GEN,24h,y,2
H14,3,GEN,24h,n,1.5
H14,3,GEN,24h,y,1.5
H14,1,TOB,24h,n,0.75
H14,1,TOB,24h,y,0.75
H14,2,TOB,24h,n,1
H14,2,TOB,24h,y,1
H14,3,TOB,24h,n,1.5
H14,3,TOB,24h,y,1.5
H14,1,MER,24h,n,0.012
H14,1,MER,24h,y,0.012
H14,2,MER,24h,n,0.012
H14,2,MER,24h,y,0.012
H14,3,MER,24h,n,0.012
H14,3,MER,24h,y,0.012
H14,1,PIT,24h,n,1
H14,1,PIT,24h,y,1
H14,2,PIT,24h,n,0.75
H14,2,PIT,24h,y,0.75
H14,3,PIT,24h,n,1.5
H14,3,PIT,24h,y,1.5
H14,1,COL,24h,n,2
H14,1,COL,24h,y,2
H14,2,COL,24h,n,3
H14,2,COL,24h,y,12
H14,3,COL,24h,n,2
H14,3,COL,24h,y,2
H14,1,AMI,24h,n,4
H14,1,AMI,24h,y,4
H14,2,AMI,24h,n,4
H14,2,AMI,24h,y,4
H14,3,AMI,24h,n,3
H14,3,AMI,24h,y,3
H14,1,CTZ,24h,n,0.5
H14,1,CTZ,24h,y,1.5
H14,2,CTZ,24h,n,0.75
H14,2,CTZ,24h,y,1
H14,3,CTZ,24h,n,0.38
H14,3,CTZ,24h,y,0.5
H14,1,CTT,24h,n,0.38
H14,1,CTT,24h,y,0.38
H14,2,CTT,24h,n,0.38
H14,2,CTT,24h,y,0.38
H14,3,CTT,24h,n,0.38
H14,3,CTT,24h,y,0.38
H14,1,CIP,48h,n,0.094
H14,1,CIP,48h,y,0.094
H14,2,CIP,48h,n,0.064
H14,2,CIP,48h,y,0.064
H14,3,CIP,48h,n,0.047
H14,3,CIP,48h,y,0.047
H14,1,GEN,48h,n,1.5
H14,1,GEN,48h,y,1.5
H14,2,GEN,48h,n,2
H14,2,GEN,48h,y,2
H14,3,GEN,48h,n,1.5
H14,3,GEN,48h,y,1.5
H14,1,TOB,48h,n,0.75
H14,1,TOB,48h,y,0.75
H14,2,TOB,48h,n,1
H14,2,TOB,48h,y,1
H14,3,TOB,48h,n,1.5
H14,3,TOB,48h,y,1.5
H14,1,MER,48h,n,0.012
H14,1,MER,48h,y,0.012
H14,2,MER,48h,n,0.012
H14,2,MER,48h,y,0.012
H14,3,MER,48h,n,0.012
H14,3,MER,48h,y,0.012
H14,1,PIT,48h,n,0.75
H14,1,PIT,48h,y,0.75
H14,2,PIT,48h,n,0.75
H14,2,PIT,48h,y,0.75
H14,3,PIT,48h,n,1.5
H14,3,PIT,48h,y,1.5
H14,1,COL,48h,n,2
H14,1,COL,48h,y,2
H14,2,COL,48h,n,3
H14,2,COL,48h,y,12
H14,3,COL,48h,n,2
H14,3,COL,48h,y,4
H14,1,AMI,48h,n,4
H14,1,AMI,48h,y,4
H14,2,AMI,48h,n,4
H14,2,AMI,48h,y,4
H14,3,AMI,48h,n,3
H14,3,AMI,48h,y,3
H14,1,CTZ,48h,n,0.5
H14,1,CTZ,48h,y,1.5
H14,2,CTZ,48h,n,0.75
H14,2,CTZ,48h,y,1
H14,3,CTZ,48h,n,0.38
H14,3,CTZ,48h,y,0.5
H14,1,CTT,48h,n,0.38
H14,1,CTT,48h,y,0.38
H14,2,CTT,48h,n,0.38
H14,2,CTT,48h,y,0.38
H14,3,CTT,48h,n,0.38
H14,3,CTT,48h,y,0.38
H15,1,CIP,24h,n,0.032
H15,1,CIP,24h,y,0.064
H15,2,CIP,24h,n,0.064
H15,2,CIP,24h,y,0.125
H15,3,CIP,24h,n,0.064
H15,3,CIP,24h,y,0.125
H15,1,GEN,24h,n,1
H15,1,GEN,24h,y,1
H15,2,GEN,24h,n,1.5
H15,2,GEN,24h,y,1.5
H15,3,GEN,24h,n,0.75
H15,3,GEN,24h,y,0.75
H15,1,TOB,24h,n,0.75
H15,1,TOB,24h,y,0.75
H15,2,TOB,24h,n,0.75
H15,2,TOB,24h,y,0.75
H15,3,TOB,24h,n,1
H15,3,TOB,24h,y,1
H15,1,MER,24h,n,0.032
H15,1,MER,24h,y,0.032
H15,2,MER,24h,n,0.023
H15,2,MER,24h,y,0.023
H15,3,MER,24h,n,0.023
H15,3,MER,24h,y,0.023
H15,1,PIT,24h,n,0.5
H15,1,PIT,24h,y,0.5
H15,2,PIT,24h,n,0.75
H15,2,PIT,24h,y,0.75
H15,3,PIT,24h,n,1
H15,3,PIT,24h,y,1
H15,1,COL,24h,n,6
H15,1,COL,24h,y,6
H15,2,COL,24h,n,4
H15,2,COL,24h,y,4
H15,3,COL,24h,n,6
H15,3,COL,24h,y,6
H15,1,AMI,24h,n,2
H15,1,AMI,24h,y,4
H15,2,AMI,24h,n,4
H15,2,AMI,24h,y,8
H15,3,AMI,24h,n,4
H15,3,AMI,24h,y,6
H15,1,CTZ,24h,n,0.19
H15,1,CTZ,24h,y,0.25
H15,2,CTZ,24h,n,0.19
H15,2,CTZ,24h,y,1.5
H15,3,CTZ,24h,n,0.125
H15,3,CTZ,24h,y,0.38
H15,1,CTT,24h,n,0.064
H15,1,CTT,24h,y,0.38
H15,2,CTT,24h,n,0.047
H15,2,CTT,24h,y,0.094
H15,3,CTT,24h,n,0.047
H15,3,CTT,24h,y,0.25
H15,1,CIP,48h,n,0.047
H15,1,CIP,48h,y,0.047
H15,2,CIP,48h,n,0.064
H15,2,CIP,48h,y,0.125
H15,3,CIP,48h,n,0.064
H15,3,CIP,48h,y,0.125
H15,1,GEN,48h,n,1
H15,1,GEN,48h,y,1.5
H15,2,GEN,48h,n,1.5
H15,2,GEN,48h,y,1.5
H15,3,GEN,48h,n,0.75
H15,3,GEN,48h,y,0.75
H15,1,TOB,48h,n,1
H15,1,TOB,48h,y,1
H15,2,TOB,48h,n,0.75
H15,2,TOB,48h,y,0.75
H15,3,TOB,48h,n,1
H15,3,TOB,48h,y,1
H15,1,MER,48h,n,0.032
H15,1,MER,48h,y,0.047
H15,2,MER,48h,n,0.023
H15,2,MER,48h,y,0.125
H15,3,MER,48h,n,0.023
H15,3,MER,48h,y,0.032
H15,1,PIT,48h,n,0.5
H15,1,PIT,48h,y,0.75
H15,2,PIT,48h,n,0.75
H15,2,PIT,48h,y,0.75
H15,3,PIT,48h,n,1
H15,3,PIT,48h,y,1
H15,1,COL,48h,n,6
H15,1,COL,48h,y,6
H15,2,COL,48h,n,4
H15,2,COL,48h,y,4
H15,3,COL,48h,n,6
H15,3,COL,48h,y,6
H15,1,AMI,48h,n,2
H15,1,AMI,48h,y,6
H15,2,AMI,48h,n,4
H15,2,AMI,48h,y,12
H15,3,AMI,48h,n,4
H15,3,AMI,48h,y,8
H15,1,CTZ,48h,n,0.19
H15,1,CTZ,48h,y,0.38
H15,2,CTZ,48h,n,0.19
H15,2,CTZ,48h,y,1.5
H15,3,CTZ,48h,n,0.125
H15,3,CTZ,48h,y,0.38
H15,1,CTT,48h,n,0.064
H15,1,CTT,48h,y,0.38
H15,2,CTT,48h,n,0.047
H15,2,CTT,48h,y,0.094
H15,3,CTT,48h,n,0.047
H15,3,CTT,48h,y,0.25
H16,1,CIP,24h,n,0.094
H16,1,CIP,24h,y,0.125
H16,2,CIP,24h,n,0.125
H16,2,CIP,24h,y,0.125
H16,3,CIP,24h,n,0.047
H16,3,CIP,24h,y,0.064
H16,1,GEN,24h,n,0.75
H16,1,GEN,24h,y,0.75
H16,2,GEN,24h,n,1.5
H16,2,GEN,24h,y,1.5
H16,3,GEN,24h,n,1.5
H16,3,GEN,24h,y,1.5
H16,1,TOB,24h,n,1.5
H16,1,TOB,24h,y,1.5
H16,2,TOB,24h,n,0.75
H16,2,TOB,24h,y,0.75
H16,3,TOB,24h,n,1.5
H16,3,TOB,24h,y,1.5
H16,1,MER,24h,n,0.047
H16,1,MER,24h,y,0.047
H16,2,MER,24h,n,0.047
H16,2,MER,24h,y,0.047
H16,3,MER,24h,n,0.047
H16,3,MER,24h,y,0.047
H16,1,PIT,24h,n,3
H16,1,PIT,24h,y,3
H16,2,PIT,24h,n,3
H16,2,PIT,24h,y,3
H16,3,PIT,24h,n,2
H16,3,PIT,24h,y,2
H16,1,COL,24h,n,2
H16,1,COL,24h,y,4
H16,2,COL,24h,n,2
H16,2,COL,24h,y,16
H16,3,COL,24h,n,3
H16,3,COL,24h,y,3
H16,1,AMI,24h,n,6
H16,1,AMI,24h,y,6
H16,2,AMI,24h,n,8
H16,2,AMI,24h,y,8
H16,3,AMI,24h,n,8
H16,3,AMI,24h,y,16
H16,1,CTZ,24h,n,1.5
H16,1,CTZ,24h,y,2
H16,2,CTZ,24h,n,1
H16,2,CTZ,24h,y,2
H16,3,CTZ,24h,n,1
H16,3,CTZ,24h,y,2
H16,1,CTT,24h,n,0.5
H16,1,CTT,24h,y,0.5
H16,2,CTT,24h,n,0.5
H16,2,CTT,24h,y,0.5
H16,3,CTT,24h,n,0.25
H16,3,CTT,24h,y,0.25
H16,1,CIP,48h,n,0.094
H16,1,CIP,48h,y,0.094
H16,2,CIP,48h,n,0.125
H16,2,CIP,48h,y,0.125
H16,3,CIP,48h,n,0.047
H16,3,CIP,48h,y,0.064
H16,1,GEN,48h,n,1
H16,1,GEN,48h,y,1
H16,2,GEN,48h,n,1.5
H16,2,GEN,48h,y,1.5
H16,3,GEN,48h,n,1.5
H16,3,GEN,48h,y,1.5
H16,1,TOB,48h,n,1.5
H16,1,TOB,48h,y,1.5
H16,2,TOB,48h,n,1
H16,2,TOB,48h,y,1
H16,3,TOB,48h,n,1.5
H16,3,TOB,48h,y,1.5
H16,1,MER,48h,n,0.047
H16,1,MER,48h,y,0.047
H16,2,MER,48h,n,0.047
H16,2,MER,48h,y,0.047
H16,3,MER,48h,n,0.047
H16,3,MER,48h,y,0.047
H16,1,PIT,48h,n,3
H16,1,PIT,48h,y,3
H16,2,PIT,48h,n,3
H16,2,PIT,48h,y,3
H16,3,PIT,48h,n,2
H16,3,PIT,48h,y,2
H16,1,COL,48h,n,2
H16,1,COL,48h,y,4
H16,2,COL,48h,n,2
H16,2,COL,48h,y,16
H16,3,COL,48h,n,3
H16,3,COL,48h,y,3
H16,1,AMI,48h,n,6
H16,1,AMI,48h,y,6
H16,2,AMI,48h,n,8
H16,2,AMI,48h,y,8
H16,3,AMI,48h,n,8
H16,3,AMI,48h,y,16
H16,1,CTZ,48h,n,1.5
H16,1,CTZ,48h,y,2
H16,2,CTZ,48h,n,1
H16,2,CTZ,48h,y,2
H16,3,CTZ,48h,n,1
H16,3,CTZ,48h,y,2
H16,1,CTT,48h,n,0.5
H16,1,CTT,48h,y,0.5
H16,2,CTT,48h,n,0.5
H16,2,CTT,48h,y,0.5
H16,3,CTT,48h,n,0.25
H16,3,CTT,48h,y,0.25
H17,1,CIP,24h,n,0.064
H17,1,CIP,24h,y,0.125
H17,2,CIP,24h,n,0.094
H17,2,CIP,24h,y,0.19
H17,3,CIP,24h,n,0.094
H17,3,CIP,24h,y,0.094
H17,1,GEN,24h,n,1.5
H17,1,GEN,24h,y,1.5
H17,2,GEN,24h,n,1.5
H17,2,GEN,24h,y,1.5
H17,3,GEN,24h,n,1
H17,3,GEN,24h,y,1
H17,1,TOB,24h,n,2
H17,1,TOB,24h,y,2
H17,2,TOB,24h,n,1.5
H17,2,TOB,24h,y,1.5
H17,3,TOB,24h,n,1.5
H17,3,TOB,24h,y,1.5
H17,1,MER,24h,n,0.032
H17,1,MER,24h,y,0.032
H17,2,MER,24h,n,0.047
H17,2,MER,24h,y,0.047
H17,3,MER,24h,n,0.023
H17,3,MER,24h,y,0.023
H17,1,PIT,24h,n,4
H17,1,PIT,24h,y,4
H17,2,PIT,24h,n,3
H17,2,PIT,24h,y,3
H17,3,PIT,24h,n,4
H17,3,PIT,24h,y,4
H17,1,COL,24h,n,4
H17,1,COL,24h,y,4
H17,2,COL,24h,n,4
H17,2,COL,24h,y,4
H17,3,COL,24h,n,3
H17,3,COL,24h,y,3
H17,1,AMI,24h,n,6
H17,1,AMI,24h,y,6
H17,2,AMI,24h,n,6
H17,2,AMI,24h,y,12
H17,3,AMI,24h,n,4
H17,3,AMI,24h,y,4
H17,1,CTZ,24h,n,2
H17,1,CTZ,24h,y,2
H17,2,CTZ,24h,n,2
H17,2,CTZ,24h,y,2
H17,3,CTZ,24h,n,2
H17,3,CTZ,24h,y,2
H17,1,CTT,24h,n,0.75
H17,1,CTT,24h,y,0.75
H17,2,CTT,24h,n,0.5
H17,2,CTT,24h,y,0.5
H17,3,CTT,24h,n,0.5
H17,3,CTT,24h,y,0.5
H17,1,CIP,48h,n,0.064
H17,1,CIP,48h,y,0.125
H17,2,CIP,48h,n,0.094
H17,2,CIP,48h,y,0.125
H17,3,CIP,48h,n,0.094
H17,3,CIP,48h,y,0.125
H17,1,GEN,48h,n,1
H17,1,GEN,48h,y,1
H17,2,GEN,48h,n,1.5
H17,2,GEN,48h,y,1.5
H17,3,GEN,48h,n,1.5
H17,3,GEN,48h,y,1.5
H17,1,TOB,48h,n,1.5
H17,1,TOB,48h,y,1.5
H17,2,TOB,48h,n,1.5
H17,2,TOB,48h,y,1.5
H17,3,TOB,48h,n,2
H17,3,TOB,48h,y,2
H17,1,MER,48h,n,0.023
H17,1,MER,48h,y,0.023
H17,2,MER,48h,n,0.047
H17,2,MER,48h,y,0.047
H17,3,MER,48h,n,0.032
H17,3,MER,48h,y,0.032
H17,1,PIT,48h,n,4
H17,1,PIT,48h,y,4
H17,2,PIT,48h,n,3
H17,2,PIT,48h,y,3
H17,3,PIT,48h,n,4
H17,3,PIT,48h,y,4
H17,1,COL,48h,n,4
H17,1,COL,48h,y,4
H17,2,COL,48h,n,4
H17,2,COL,48h,y,6
H17,3,COL,48h,n,3
H17,3,COL,48h,y,3
H17,1,AMI,48h,n,6
H17,1,AMI,48h,y,6
H17,2,AMI,48h,n,6
H17,2,AMI,48h,y,12
H17,3,AMI,48h,n,4
H17,3,AMI,48h,y,4
H17,1,CTZ,48h,n,2
H17,1,CTZ,48h,y,2
H17,2,CTZ,48h,n,2
H17,2,CTZ,48h,y,2
H17,3,CTZ,48h,n,2
H17,3,CTZ,48h,y,2
H17,1,CTT,48h,n,0.75
H17,1,CTT,48h,y,0.75
H17,2,CTT,48h,n,0.5
H17,2,CTT,48h,y,0.5
H17,3,CTT,48h,n,0.5
H17,3,CTT,48h,y,0.5
H18,1,CIP,24h,n,0.064
H18,1,CIP,24h,y,0.064
H18,2,CIP,24h,n,0.064
H18,2,CIP,24h,y,0.125
H18,3,CIP,24h,n,0.094
H18,3,CIP,24h,y,0.094
H18,1,GEN,24h,n,2
H18,1,GEN,24h,y,3
H18,2,GEN,24h,n,3
H18,2,GEN,24h,y,4
H18,3,GEN,24h,n,2
H18,3,GEN,24h,y,2
H18,1,TOB,24h,n,1.5
H18,1,TOB,24h,y,1.5
H18,2,TOB,24h,n,1.5
H18,2,TOB,24h,y,1.5
H18,3,TOB,24h,n,2
H18,3,TOB,24h,y,2
H18,1,MER,24h,n,0.032
H18,1,MER,24h,y,0.047
H18,2,MER,24h,n,0.032
H18,2,MER,24h,y,0.032
H18,3,MER,24h,n,0.032
H18,3,MER,24h,y,0.032
H18,1,PIT,24h,n,3
H18,1,PIT,24h,y,3
H18,2,PIT,24h,n,3
H18,2,PIT,24h,y,3
H18,3,PIT,24h,n,6
H18,3,PIT,24h,y,6
H18,1,COL,24h,n,3
H18,1,COL,24h,y,3
H18,2,COL,24h,n,3
H18,2,COL,24h,y,3
H18,3,COL,24h,n,3
H18,3,COL,24h,y,3
H18,1,AMI,24h,n,8
H18,1,AMI,24h,y,8
H18,2,AMI,24h,n,8
H18,2,AMI,24h,y,8
H18,3,AMI,24h,n,8
H18,3,AMI,24h,y,8
H18,1,CTZ,24h,n,1.5
H18,1,CTZ,24h,y,1.5
H18,2,CTZ,24h,n,2
H18,2,CTZ,24h,y,2
H18,3,CTZ,24h,n,1
H18,3,CTZ,24h,y,1
H18,1,CTT,24h,n,0.38
H18,1,CTT,24h,y,0.38
H18,2,CTT,24h,n,0.5
H18,2,CTT,24h,y,0.5
H18,3,CTT,24h,n,0.5
H18,3,CTT,24h,y,0.75
H18,1,CIP,48h,n,0.094
H18,1,CIP,48h,y,0.094
H18,2,CIP,48h,n,0.064
H18,2,CIP,48h,y,0.125
H18,3,CIP,48h,n,0.064
H18,3,CIP,48h,y,0.094
H18,1,GEN,48h,n,2
H18,1,GEN,48h,y,2
H18,2,GEN,48h,n,3
H18,2,GEN,48h,y,4
H18,3,GEN,48h,n,2
H18,3,GEN,48h,y,2
H18,1,TOB,48h,n,1.5
H18,1,TOB,48h,y,1.5
H18,2,TOB,48h,n,1.5
H18,2,TOB,48h,y,1.5
H18,3,TOB,48h,n,2
H18,3,TOB,48h,y,2
H18,1,MER,48h,n,0.032
H18,1,MER,48h,y,0.047
H18,2,MER,48h,n,0.032
H18,2,MER,48h,y,0.032
H18,3,MER,48h,n,0.032
H18,3,MER,48h,y,0.032
H18,1,PIT,48h,n,3
H18,1,PIT,48h,y,3
H18,2,PIT,48h,n,3
H18,2,PIT,48h,y,3
H18,3,PIT,48h,n,6
H18,3,PIT,48h,y,6
H18,1,COL,48h,n,3
H18,1,COL,48h,y,3
H18,2,COL,48h,n,3
H18,2,COL,48h,y,3
H18,3,COL,48h,n,3
H18,3,COL,48h,y,3
H18,1,AMI,48h,n,8
H18,1,AMI,48h,y,8
H18,2,AMI,48h,n,8
H18,2,AMI,48h,y,8
H18,3,AMI,48h,n,8
H18,3,AMI,48h,y,8
H18,1,CTZ,48h,n,1.5
H18,1,CTZ,48h,y,1.5
H18,2,CTZ,48h,n,2
H18,2,CTZ,48h,y,2
H18,3,CTZ,48h,n,1
H18,3,CTZ,48h,y,1
H18,1,CTT,48h,n,0.38
H18,1,CTT,48h,y,0.38
H18,2,CTT,48h,n,0.5
H18,2,CTT,48h,y,0.5
H18,3,CTT,48h,n,0.5
H18,3,CTT,48h,y,0.75
H19,1,CIP,24h,n,0.094
H19,1,CIP,24h,y,0.094
H19,2,CIP,24h,n,0.047
H19,2,CIP,24h,y,0.125
H19,3,CIP,24h,n,0.094
H19,3,CIP,24h,y,0.094
H19,1,GEN,24h,n,1.5
H19,1,GEN,24h,y,1.5
H19,2,GEN,24h,n,1.5
H19,2,GEN,24h,y,1.5
H19,3,GEN,24h,n,1
H19,3,GEN,24h,y,1
H19,1,TOB,24h,n,2
H19,1,TOB,24h,y,2
H19,2,TOB,24h,n,2
H19,2,TOB,24h,y,2
H19,3,TOB,24h,n,1.5
H19,3,TOB,24h,y,1.5
H19,1,MER,24h,n,0.047
H19,1,MER,24h,y,0.047
H19,2,MER,24h,n,0.023
H19,2,MER,24h,y,0.023
H19,3,MER,24h,n,0.047
H19,3,MER,24h,y,0.047
H19,1,PIT,24h,n,4
H19,1,PIT,24h,y,6
H19,2,PIT,24h,n,3
H19,2,PIT,24h,y,3
H19,3,PIT,24h,n,4
H19,3,PIT,24h,y,6
H19,1,COL,24h,n,4
H19,1,COL,24h,y,4
H19,2,COL,24h,n,3
H19,2,COL,24h,y,3
H19,3,COL,24h,n,4
H19,3,COL,24h,y,4
H19,1,AMI,24h,n,4
H19,1,AMI,24h,y,6
H19,2,AMI,24h,n,4
H19,2,AMI,24h,y,4
H19,3,AMI,24h,n,4
H19,3,AMI,24h,y,4
H19,1,CTZ,24h,n,1.5
H19,1,CTZ,24h,y,1.5
H19,2,CTZ,24h,n,2
H19,2,CTZ,24h,y,2
H19,3,CTZ,24h,n,1.5
H19,3,CTZ,24h,y,1.5
H19,1,CTT,24h,n,0.38
H19,1,CTT,24h,y,0.38
H19,2,CTT,24h,n,0.75
H19,2,CTT,24h,y,0.75
H19,3,CTT,24h,n,0.5
H19,3,CTT,24h,y,0.5
H19,1,CIP,48h,n,0.094
H19,1,CIP,48h,y,0.125
H19,2,CIP,48h,n,0.047
H19,2,CIP,48h,y,0.125
H19,3,CIP,48h,n,0.064
H19,3,CIP,48h,y,0.094
H19,1,GEN,48h,n,1.5
H19,1,GEN,48h,y,1.5
H19,2,GEN,48h,n,1.5
H19,2,GEN,48h,y,1.5
H19,3,GEN,48h,n,1
H19,3,GEN,48h,y,1
H19,1,TOB,48h,n,2
H19,1,TOB,48h,y,2
H19,2,TOB,48h,n,2
H19,2,TOB,48h,y,3
H19,3,TOB,48h,n,1.5
H19,3,TOB,48h,y,1.5
H19,1,MER,48h,n,0.047
H19,1,MER,48h,y,0.047
H19,2,MER,48h,n,0.023
H19,2,MER,48h,y,0.023
H19,3,MER,48h,n,0.047
H19,3,MER,48h,y,0.38
H19,1,PIT,48h,n,3
H19,1,PIT,48h,y,3
H19,2,PIT,48h,n,3
H19,2,PIT,48h,y,3
H19,3,PIT,48h,n,4
H19,3,PIT,48h,y,4
H19,1,COL,48h,n,6
H19,1,COL,48h,y,6
H19,2,COL,48h,n,3
H19,2,COL,48h,y,3
H19,3,COL,48h,n,4
H19,3,COL,48h,y,4
H19,1,AMI,48h,n,4
H19,1,AMI,48h,y,6
H19,2,AMI,48h,n,4
H19,2,AMI,48h,y,4
H19,3,AMI,48h,n,4
H19,3,AMI,48h,y,4
H19,1,CTZ,48h,n,1.5
H19,1,CTZ,48h,y,1.5
H19,2,CTZ,48h,n,2
H19,2,CTZ,48h,y,2
H19,3,CTZ,48h,n,1.5
H19,3,CTZ,48h,y,1.5
H19,1,CTT,48h,n,0.38
H19,1,CTT,48h,y,0.38
H19,2,CTT,48h,n,0.75
H19,2,CTT,48h,y,0.75
H19,3,CTT,48h,n,0.5
H19,3,CTT,48h,y,0.75
H20,1,CIP,24h,n,0.094
H20,1,CIP,24h,y,0.125
H20,2,CIP,24h,n,0.064
H20,2,CIP,24h,y,0.064
H20,3,CIP,24h,n,0.094
H20,3,CIP,24h,y,0.094
H20,1,GEN,24h,n,1.5
H20,1,GEN,24h,y,1.5
H20,2,GEN,24h,n,1
H20,2,GEN,24h,y,1
H20,3,GEN,24h,n,1.5
H20,3,GEN,24h,y,1.5
H20,1,TOB,24h,n,1.5
H20,1,TOB,24h,y,1.5
H20,2,TOB,24h,n,1.5
H20,2,TOB,24h,y,1.5
H20,3,TOB,24h,n,1.5
H20,3,TOB,24h,y,1.5
H20,1,MER,24h,n,0.032
H20,1,MER,24h,y,0.047
H20,2,MER,24h,n,0.032
H20,2,MER,24h,y,0.032
H20,3,MER,24h,n,0.032
H20,3,MER,24h,y,0.047
H20,1,PIT,24h,n,3
H20,1,PIT,24h,y,3
H20,2,PIT,24h,n,3
H20,2,PIT,24h,y,3
H20,3,PIT,24h,n,4
H20,3,PIT,24h,y,4
H20,1,COL,24h,n,4
H20,1,COL,24h,y,6
H20,2,COL,24h,n,3
H20,2,COL,24h,y,6
H20,3,COL,24h,n,4
H20,3,COL,24h,y,4
H20,1,AMI,24h,n,4
H20,1,AMI,24h,y,4
H20,2,AMI,24h,n,4
H20,2,AMI,24h,y,4
H20,3,AMI,24h,n,4
H20,3,AMI,24h,y,12
H20,1,CTZ,24h,n,1.5
H20,1,CTZ,24h,y,2
H20,2,CTZ,24h,n,1.5
H20,2,CTZ,24h,y,1.5
H20,3,CTZ,24h,n,1.5
H20,3,CTZ,24h,y,1.5
H20,1,CTT,24h,n,0.75
H20,1,CTT,24h,y,0.75
H20,2,CTT,24h,n,0.75
H20,2,CTT,24h,y,0.75
H20,3,CTT,24h,n,0.5
H20,3,CTT,24h,y,0.75
H20,1,CIP,48h,n,0.094
H20,1,CIP,48h,y,0.125
H20,2,CIP,48h,n,0.047
H20,2,CIP,48h,y,0.064
H20,3,CIP,48h,n,0.094
H20,3,CIP,48h,y,0.094
H20,1,GEN,48h,n,1.5
H20,1,GEN,48h,y,1.5
H20,2,GEN,48h,n,1
H20,2,GEN,48h,y,1
H20,3,GEN,48h,n,1.5
H20,3,GEN,48h,y,1.5
H20,1,TOB,48h,n,1.5
H20,1,TOB,48h,y,1.5
H20,2,TOB,48h,n,1.5
H20,2,TOB,48h,y,1.5
H20,3,TOB,48h,n,1.5
H20,3,TOB,48h,y,1.5
H20,1,MER,48h,n,0.032
H20,1,MER,48h,y,0.032
H20,2,MER,48h,n,0.032
H20,2,MER,48h,y,0.032
H20,3,MER,48h,n,0.032
H20,3,MER,48h,y,0.032
H20,1,PIT,48h,n,3
H20,1,PIT,48h,y,3
H20,2,PIT,48h,n,3
H20,2,PIT,48h,y,3
H20,3,PIT,48h,n,4
H20,3,PIT,48h,y,4
H20,1,COL,48h,n,4
H20,1,COL,48h,y,6
H20,2,COL,48h,n,3
H20,2,COL,48h,y,8
H20,3,COL,48h,n,4
H20,3,COL,48h,y,4
H20,1,AMI,48h,n,4
H20,1,AMI,48h,y,4
H20,2,AMI,48h,n,4
H20,2,AMI,48h,y,4
H20,3,AMI,48h,n,4
H20,3,AMI,48h,y,12
H20,1,CTZ,48h,n,1.5
H20,1,CTZ,48h,y,2
H20,2,CTZ,48h,n,1.5
H20,2,CTZ,48h,y,1.5
H20,3,CTZ,48h,n,1.5
H20,3,CTZ,48h,y,1.5
H20,1,CTT,48h,n,0.75
H20,1,CTT,48h,y,0.75
H20,2,CTT,48h,n,0.75
H20,2,CTT,48h,y,0.75
H20,3,CTT,48h,n,0.5
H20,3,CTT,48h,y,0.75
