strain,replicate,time,drug,microcol,mic
PAO1,1,24h,CIP,n,0.094
PAO1,1,24h,CIP,y,0.094
PAO1,2,24h,CIP,n,0.125
PAO1,2,24h,CIP,y,0.125
PAO1,3,24h,CIP,n,0.047
PAO1,3,24h,CIP,y,0.047
PAO1,1,24h,GEN,n,1.5
PAO1,1,24h,GEN,y,1.5
PAO1,2,24h,GEN,n,0.75
PAO1,2,24h,GEN,y,1
PAO1,3,24h,GEN,n,1.5
PAO1,3,24h,GEN,y,1.5
PAO1,1,24h,TOB,n,1.5
PAO1,1,24h,TOB,y,1.5
PAO1,2,24h,TOB,n,2
PAO1,2,24h,TOB,y,2
PAO1,3,24h,TOB,n,1.5
PAO1,3,24h,TOB,y,1.5
PAO1,1,24h,MER,n,0.032
PAO1,1,24h,MER,y,0.047
PAO1,2,24h,MER,n,0.023
PAO1,2,24h,MER,y,0.023
PAO1,3,24h,MER,n,0.047
PAO1,3,24h,MER,y,0.094
PAO1,1,24h,PIT,n,3
PAO1,1,24h,PIT,y,3
PAO1,2,24h,PIT,n,2
PAO1,2,24h,PIT,y,2
PAO1,3,24h,PIT,n,2
PAO1,3,24h,PIT,y,2
PAO1,1,24h,COL,n,3
PAO1,1,24h,COL,y,3
PAO1,2,24h,COL,n,3
PAO1,2,24h,COL,y,3
PAO1,3,24h,COL,n,3
PAO1,3,24h,COL,y,3
PAO1,4,24h,COL,n,3
PAO1,4,24h,COL,y,3
PAO1,5,24h,COL,n,4
PAO1,5,24h,COL,y,4
PAO1,6,24h,COL,n,3
PAO1,6,24h,COL,y,3
PAO1,1,24h,CTT,n,0.38
PAO1,1,24h,CTT,y,0.38
PAO1,2,24h,CTT,n,0.25
PAO1,2,24h,CTT,y,0.25
PAO1,3,24h,CTT,n,0.38
PAO1,3,24h,CTT,y,0.38
PAO1,4,24h,CTT,n,0.38
PAO1,4,24h,CTT,y,0.38
PAO1,5,24h,CTT,n,0.25
PAO1,5,24h,CTT,y,0.25
PAO1,6,24h,CTT,n,0.25
PAO1,6,24h,CTT,y,0.25
PAO1,1,24h,AMI,n,4
PAO1,1,24h,AMI,y,12
PAO1,2,24h,AMI,n,3
PAO1,2,24h,AMI,y,3
PAO1,3,24h,AMI,n,4
PAO1,3,24h,AMI,y,4
PAO1,4,24h,AMI,n,4
PAO1,4,24h,AMI,y,4
PAO1,5,24h,AMI,n,4
PAO1,5,24h,AMI,y,6
PAO1,6,24h,AMI,n,3
PAO1,6,24h,AMI,y,3
PAO1,1,24h,CTZ,n,0.75
PAO1,1,24h,CTZ,y,0.75
PAO1,2,24h,CTZ,n,0.5
PAO1,2,24h,CTZ,y,0.75
PAO1,3,24h,CTZ,n,0.5
PAO1,3,24h,CTZ,y,0.5
PAO1,1,48h,CIP,n,0.125
PAO1,1,48h,CIP,y,0.125
PAO1,2,48h,CIP,n,0.125
PAO1,2,48h,CIP,y,0.125
PAO1,3,48h,CIP,n,0.047
PAO1,3,48h,CIP,y,0.047
PAO1,1,48h,GEN,n,1.5
PAO1,1,48h,GEN,y,1.5
PAO1,2,48h,GEN,n,0.75
PAO1,2,48h,GEN,y,1
PAO1,3,48h,GEN,n,1.5
PAO1,3,48h,GEN,y,1.5
PAO1,1,48h,TOB,n,1.5
PAO1,1,48h,TOB,y,1.5
PAO1,2,48h,TOB,n,2
PAO1,2,48h,TOB,y,2
PAO1,3,48h,TOB,n,1.5
PAO1,3,48h,TOB,y,1.5
PAO1,1,48h,MER,n,0.032
PAO1,1,48h,MER,y,0.047
PAO1,2,48h,MER,n,0.023
PAO1,2,48h,MER,y,0.032
PAO1,3,48h,MER,n,0.047
PAO1,3,48h,MER,y,0.064
PAO1,1,48h,PIT,n,2
PAO1,1,48h,PIT,y,2
PAO1,2,48h,PIT,n,2
PAO1,2,48h,PIT,y,2
PAO1,3,48h,PIT,n,2
PAO1,3,48h,PIT,y,2
PAO1,1,48h,COL,n,3
PAO1,1,48h,COL,y,3
PAO1,2,48h,COL,n,3
PAO1,2,48h,COL,y,3
PAO1,3,48h,COL,n,3
PAO1,3,48h,COL,y,3
PAO1,4,48h,COL,n,3
PAO1,4,48h,COL,y,3
PAO1,5,48h,COL,n,4
PAO1,5,48h,COL,y,4
PAO1,6,48h,COL,n,3
PAO1,6,48h,COL,y,3
PAO1,1,48h,CTT,n,0.38
PAO1,1,48h,CTT,y,0.38
PAO1,2,48h,CTT,n,0.25
PAO1,2,48h,CTT,y,0.25
PAO1,3,48h,CTT,n,0.38
PAO1,3,48h,CTT,y,0.38
PAO1,4,48h,CTT,n,0.38
PAO1,4,48h,CTT,y,0.38
PAO1,5,48h,CTT,n,0.25
PAO1,5,48h,CTT,y,0.25
PAO1,6,48h,CTT,n,0.25
PAO1,6,48h,CTT,y,0.25
PAO1,1,48h,AMI,n,6
PAO1,1,48h,AMI,y,12
PAO1,2,48h,AMI,n,3
PAO1,2,48h,AMI,y,3
PAO1,3,48h,AMI,n,4
PAO1,3,48h,AMI,y,4
PAO1,4,48h,AMI,n,4
PAO1,4,48h,AMI,y,4
PAO1,5,48h,AMI,n,4
PAO1,5,48h,AMI,y,6
PAO1,6,48h,AMI,n,4
PAO1,6,48h,AMI,y,12
PAO1,1,48h,CTZ,n,1
PAO1,1,48h,CTZ,y,1
PAO1,2,48h,CTZ,n,0.75
PAO1,2,48h,CTZ,y,0.75
PAO1,3,48h,CTZ,n,0.75
PAO1,3,48h,CTZ,y,0.75
PA14,1,24h,CIP,n,0.094
PA14,1,24h,CIP,y,0.094
PA14,2,24h,CIP,n,0.125
PA14,2,24h,CIP,y,0.125
PA14,3,24h,CIP,n,0.094
PA14,3,24h,CIP,y,0.094
PA14,1,24h,GEN,n,0.75
PA14,1,24h,GEN,y,0.75
PA14,2,24h,GEN,n,1
PA14,2,24h,GEN,y,1
PA14,3,24h,GEN,n,0.75
PA14,3,24h,GEN,y,0.75
PA14,1,24h,TOB,n,1.5
PA14,1,24h,TOB,y,1.5
PA14,2,24h,TOB,n,1
PA14,2,24h,TOB,y,1
PA14,3,24h,TOB,n,0.75
PA14,3,24h,TOB,y,0.75
PA14,1,24h,MER,n,0.016
PA14,1,24h,MER,y,0.016
PA14,2,24h,MER,n,0.023
PA14,2,24h,MER,y,0.023
PA14,3,24h,MER,n,0.023
PA14,3,24h,MER,y,0.023
PA14,1,24h,PIT,n,2
PA14,1,24h,PIT,y,2
PA14,2,24h,PIT,n,1.5
PA14,2,24h,PIT,y,1.5
PA14,3,24h,PIT,n,2
PA14,3,24h,PIT,y,2
PA14,1,24h,COL,n,4
PA14,1,24h,COL,y,4
PA14,2,24h,COL,n,2
PA14,2,24h,COL,y,2
PA14,3,24h,COL,n,3
PA14,3,24h,COL,y,3
PA14,1,24h,AMI,n,3
PA14,1,24h,AMI,y,6
PA14,2,24h,AMI,n,4
PA14,2,24h,AMI,y,4
PA14,3,24h,AMI,n,1.5
PA14,3,24h,AMI,y,1.5
PA14,1,24h,CTZ,n,1
PA14,1,24h,CTZ,y,1.5
PA14,2,24h,CTZ,n,1
PA14,2,24h,CTZ,y,2
PA14,3,24h,CTZ,n,0.38
PA14,3,24h,CTZ,y,1
PA14,3,24h,CTT,n,0.5
PA14,3,24h,CTT,y,0.5
PA14,3,24h,CTT,n,0.75
PA14,3,24h,CTT,y,3
PA14,3,24h,CTT,n,0.38
PA14,3,24h,CTT,y,0.85
PA14,1,48h,CIP,n,0.094
PA14,1,48h,CIP,y,0.19
PA14,2,48h,CIP,n,0.094
PA14,2,48h,CIP,y,0.094
PA14,3,48h,CIP,n,0.125
PA14,3,48h,CIP,y,0.25
PA14,1,48h,GEN,n,0.75
PA14,1,48h,GEN,y,0.75
PA14,2,48h,GEN,n,1
PA14,2,48h,GEN,y,1
PA14,3,48h,GEN,n,0.75
PA14,3,48h,GEN,y,0.75
PA14,1,48h,TOB,n,1.5
PA14,1,48h,TOB,y,1.5
PA14,2,48h,TOB,n,0.75
PA14,2,48h,TOB,y,0.75
PA14,3,48h,TOB,n,0.75
PA14,3,48h,TOB,y,0.75
PA14,1,48h,MER,n,0.016
PA14,1,48h,MER,y,0.016
PA14,2,48h,MER,n,0.023
PA14,2,48h,MER,y,0.023
PA14,3,48h,MER,n,0.023
PA14,3,48h,MER,y,0.023
PA14,1,48h,PIT,n,2
PA14,1,48h,PIT,y,2
PA14,2,48h,PIT,n,1.5
PA14,2,48h,PIT,y,1.5
PA14,3,48h,PIT,n,2
PA14,3,48h,PIT,y,2
PA14,1,48h,COL,n,4
PA14,1,48h,COL,y,4
PA14,2,48h,COL,n,2
PA14,2,48h,COL,y,2
PA14,3,48h,COL,n,3
PA14,3,48h,COL,y,3
PA14,1,48h,AMI,n,3
PA14,1,48h,AMI,y,6
PA14,2,48h,AMI,n,4
PA14,2,48h,AMI,y,4
PA14,3,48h,AMI,n,2
PA14,3,48h,AMI,y,3
PA14,1,48h,CTZ,n,1
PA14,1,48h,CTZ,y,1.5
PA14,2,48h,CTZ,n,1
PA14,2,48h,CTZ,y,2
PA14,3,48h,CTZ,n,0.38
PA14,3,48h,CTZ,y,1
PA14,1,48h,CTT,n,0.5
PA14,1,48h,CTT,y,0.5
PA14,2,48h,CTT,n,0.75
PA14,2,48h,CTT,y,3
PA14,3,48h,CTT,n,0.38
PA14,3,48h,CTT,y,0.85
H01,1,24h,CIP,n,0.75
H01,1,24h,CIP,y,0.75
H01,2,24h,CIP,n,0.75
H01,2,24h,CIP,y,0.75
H01,3,24h,CIP,n,0.75
H01,3,24h,CIP,y,0.75
H01,1,24h,GEN,n,256
H01,1,24h,GEN,y,256
H01,2,24h,GEN,n,256
H01,2,24h,GEN,y,256
H01,3,24h,GEN,n,256
H01,3,24h,GEN,y,256
H01,1,24h,TOB,n,256
H01,1,24h,TOB,y,256
H01,2,24h,TOB,n,256
H01,2,24h,TOB,y,256
H01,3,24h,TOB,n,256
H01,3,24h,TOB,y,192
H01,1,24h,MER,n,0.38
H01,1,24h,MER,y,0.38
H01,2,24h,MER,n,0.125
H01,2,24h,MER,y,0.125
H01,3,24h,MER,n,0.25
H01,3,24h,MER,y,0.25
H01,1,24h,PIT,n,12
H01,1,24h,PIT,y,12
H01,2,24h,PIT,n,12
H01,2,24h,PIT,y,12
H01,3,24h,PIT,n,16
H01,3,24h,PIT,y,16
H01,1,24h,COL,n,1.5
H01,1,24h,COL,y,1.5
H01,2,24h,COL,n,2
H01,2,24h,COL,y,6
H01,3,24h,COL,n,2
H01,3,24h,COL,y,2
H01,1,24h,AMI,n,16
H01,1,24h,AMI,y,32
H01,2,24h,AMI,n,24
H01,2,24h,AMI,y,24
H01,3,24h,AMI,n,48
H01,3,24h,AMI,y,48
H01,1,24h,CTZ,n,6
H01,1,24h,CTZ,y,6
H01,2,24h,CTZ,n,4
H01,2,24h,CTZ,y,4
H01,3,24h,CTZ,n,4
H01,3,24h,CTZ,y,4
H01,1,24h,CTT,n,1
H01,1,24h,CTT,y,1
H01,2,48h,CTT,n,0.75
H01,2,48h,CTT,y,0.75
H01,3,48h,CTT,n,0.75
H01,3,48h,CTT,y,0.75
H01,1,48h,CIP,n,0.75
H01,1,48h,CIP,y,0.75
H01,2,48h,CIP,n,1
H01,2,48h,CIP,y,1
H01,3,48h,CIP,n,0.75
H01,3,48h,CIP,y,0.75
H01,1,48h,GEN,n,256
H01,1,48h,GEN,y,256
H01,2,48h,GEN,n,256
H01,2,48h,GEN,y,256
H01,3,48h,GEN,n,256
H01,3,48h,GEN,y,256
H01,1,48h,TOB,n,256
H01,1,48h,TOB,y,256
H01,2,48h,TOB,n,256
H01,2,48h,TOB,y,256
H01,3,48h,TOB,n,256
H01,3,48h,TOB,y,256
H01,1,48h,MER,n,0.25
H01,1,48h,MER,y,0.25
H01,2,48h,MER,n,0.125
H01,2,48h,MER,y,0.125
H01,3,48h,MER,n,0.25
H01,3,48h,MER,y,0.25
H01,1,48h,PIT,n,12
H01,1,48h,PIT,y,12
H01,2,48h,PIT,n,12
H01,2,48h,PIT,y,12
H01,3,48h,PIT,n,16
H01,3,48h,PIT,y,16
H01,1,48h,COL,n,1.5
H01,1,48h,COL,y,1.5
H01,2,48h,COL,n,2
H01,2,48h,COL,y,6
H01,3,48h,COL,n,2
H01,3,48h,COL,y,2
H01,1,48h,AMI,n,16
H01,1,48h,AMI,y,64
H01,2,48h,AMI,n,24
H01,2,48h,AMI,y,48
H01,3,48h,AMI,n,48
H01,3,48h,AMI,y,48
H01,1,48h,CTZ,n,6
H01,1,48h,CTZ,y,6
H01,2,48h,CTZ,n,4
H01,2,48h,CTZ,y,4
H01,3,48h,CTZ,n,4
H01,3,48h,CTZ,y,4
H01,1,48h,CTT,n,1
H01,1,48h,CTT,y,1
H01,2,48h,CTT,n,0.75
H01,2,48h,CTT,y,0.75
H01,3,48h,CTT,n,0.75
H01,3,48h,CTT,y,0.75
H01,4,24h,CIP,n,0.5
H01,4,24h,CIP,y,0.5
H01,5,24h,CIP,n,0.75
H01,5,24h,CIP,y,0.75
H01,6,24h,CIP,n,0.75
H01,6,24h,CIP,y,0.75
H01,4,24h,GEN,n,256
H01,4,24h,GEN,y,256
H01,5,24h,GEN,n,256
H01,5,24h,GEN,y,256
H01,6,24h,GEN,n,256
H01,6,24h,GEN,y,256
H01,4,24h,TOB,n,256
H01,4,24h,TOB,y,256
H01,5,24h,TOB,n,256
H01,5,24h,TOB,y,256
H01,6,24h,TOB,n,192
H01,6,24h,TOB,y,192
H01,4,24h,MER,n,0.25
H01,4,24h,MER,y,0.25
H01,5,24h,MER,n,0.25
H01,5,24h,MER,y,0.25
H01,6,24h,MER,n,0.25
H01,6,24h,MER,y,0.25
H01,4,24h,PIT,n,6
H01,4,24h,PIT,y,6
H01,5,24h,PIT,n,12
H01,5,24h,PIT,y,12
H01,6,24h,PIT,n,12
H01,6,24h,PIT,y,12
H01,4,48h,CIP,n,0.75
H01,4,48h,CIP,y,0.75
H01,5,48h,CIP,n,0.5
H01,5,48h,CIP,y,0.5
H01,6,48h,CIP,n,0.75
H01,6,48h,CIP,y,0.75
H01,4,48h,GEN,n,256
H01,4,48h,GEN,y,256
H01,5,48h,GEN,n,256
H01,5,48h,GEN,y,256
H01,6,48h,GEN,n,256
H01,6,48h,GEN,y,256
H01,4,48h,TOB,n,256
H01,4,48h,TOB,y,256
H01,5,48h,TOB,n,256
H01,5,48h,TOB,y,256
H01,6,48h,TOB,n,256
H01,6,48h,TOB,y,256
H01,4,48h,MER,n,0.25
H01,4,48h,MER,y,0.25
H01,5,48h,MER,n,0.25
H01,5,48h,MER,y,0.25
H01,6,48h,MER,n,0.25
H01,6,48h,MER,y,0.25
H01,4,48h,PIT,n,6
H01,4,48h,PIT,y,6
H01,5,48h,PIT,n,12
H01,5,48h,PIT,y,12
H01,6,48h,PIT,n,12
H01,6,48h,PIT,y,12
H02,1,24h,CIP,n,0.19
H02,1,24h,CIP,y,0.19
H02,2,24h,CIP,n,0.19
H02,2,24h,CIP,y,0.19
H02,3,24h,CIP,n,0.25
H02,3,24h,CIP,y,0.25
H02,1,24h,GEN,n,1
H02,1,24h,GEN,y,1.5
H02,2,24h,GEN,n,2
H02,2,24h,GEN,y,2
H02,3,24h,GEN,n,1.5
H02,3,24h,GEN,y,1.5
H02,1,24h,TOB,n,1.5
H02,1,24h,TOB,y,1.5
H02,2,24h,TOB,n,1
H02,2,24h,TOB,y,1
H02,3,24h,TOB,n,1.5
H02,3,24h,TOB,y,1
H02,1,24h,MER,n,0.047
H02,1,24h,MER,y,0.125
H02,2,24h,MER,n,0.047
H02,2,24h,MER,y,0.094
H02,3,24h,MER,n,0.047
H02,3,24h,MER,y,0.094
H02,1,24h,PIT,n,8
H02,1,24h,PIT,y,12
H02,2,24h,PIT,n,8
H02,2,24h,PIT,y,8
H02,3,24h,PIT,n,8
H02,3,24h,PIT,y,8
H02,1,24h,COL,n,4
H02,1,24h,COL,y,4
H02,2,24h,COL,n,6
H02,2,24h,COL,y,6
H02,3,24h,COL,n,4
H02,3,24h,COL,y,4
H02,1,24h,AMI,n,6
H02,1,24h,AMI,y,6
H02,2,24h,AMI,n,6
H02,2,24h,AMI,y,6
H02,3,24h,AMI,n,8
H02,3,24h,AMI,y,8
H02,1,24h,CTZ,n,2
H02,1,24h,CTZ,y,3
H02,2,24h,CTZ,n,3
H02,2,24h,CTZ,y,4
H02,3,24h,CTZ,n,2
H02,3,24h,CTZ,y,3
H02,1,24h,CTT,n,0.5
H02,1,24h,CTT,y,0.5
H02,2,24h,CTT,n,0.5
H02,2,24h,CTT,y,0.75
H02,3,24h,CTT,n,0.5
H02,3,24h,CTT,y,0.75
H02,1,48h,CIP,n,0.19
H02,1,48h,CIP,y,0.19
H02,2,48h,CIP,n,0.19
H02,2,48h,CIP,y,0.19
H02,3,48h,CIP,n,0.25
H02,3,48h,CIP,y,0.25
H02,1,48h,GEN,n,1
H02,1,48h,GEN,y,1
H02,2,48h,GEN,n,2
H02,2,48h,GEN,y,2
H02,3,48h,GEN,n,1.5
H02,3,48h,GEN,y,1.5
H02,1,48h,TOB,n,1.5
H02,1,48h,TOB,y,1.5
H02,2,48h,TOB,n,1
H02,2,48h,TOB,y,1
H02,3,48h,TOB,n,1.5
H02,3,48h,TOB,y,1.5
H02,1,48h,MER,n,0.047
H02,1,48h,MER,y,0.125
H02,2,48h,MER,n,0.047
H02,2,48h,MER,y,0.094
H02,3,48h,MER,n,0.047
H02,3,48h,MER,y,0.094
H02,1,48h,PIT,n,8
H02,1,48h,PIT,y,12
H02,2,48h,PIT,n,8
H02,2,48h,PIT,y,8
H02,3,48h,PIT,n,8
H02,3,48h,PIT,y,8
H02,1,48h,COL,n,4
H02,1,48h,COL,y,12
H02,2,48h,COL,n,6
H02,2,48h,COL,y,6
H02,3,48h,COL,n,4
H02,3,48h,COL,y,4
H02,1,48h,AMI,n,6
H02,1,48h,AMI,y,6
H02,2,48h,AMI,n,6
H02,2,48h,AMI,y,6
H02,3,48h,AMI,n,8
H02,3,48h,AMI,y,8
H02,1,48h,CTZ,n,2
H02,1,48h,CTZ,y,3
H02,2,48h,CTZ,n,3
H02,2,48h,CTZ,y,4
H02,3,48h,CTZ,n,2
H02,3,48h,CTZ,y,3
H02,1,48h,CTT,n,0.5
H02,1,48h,CTT,y,0.5
H02,2,48h,CTT,n,0.5
H02,2,48h,CTT,y,0.75
H02,3,48h,CTT,n,0.5
H02,3,48h,CTT,y,0.75
H03,1,24h,CIP,n,32
H03,1,24h,CIP,y,32
H03,2,24h,CIP,n,32
H03,2,24h,CIP,y,32
H03,3,24h,CIP,n,32
H03,3,24h,CIP,y,32
H03,1,24h,GEN,n,64
H03,1,24h,GEN,y,64
H03,2,24h,GEN,n,32
H03,2,24h,GEN,y,256
H03,3,24h,GEN,n,64
H03,3,24h,GEN,y,256
H03,1,24h,TOB,n,64
H03,1,24h,TOB,y,64
H03,2,24h,TOB,n,48
H03,2,24h,TOB,y,96
H03,3,24h,TOB,n,64
H03,3,24h,TOB,y,64
H03,1,24h,MER,n,0.094
H03,1,24h,MER,y,0.094
H03,2,24h,MER,n,0.125
H03,2,24h,MER,y,0.125
H03,3,24h,MER,n,0.19
H03,3,24h,MER,y,0.5
H03,1,24h,PIT,n,12
H03,1,24h,PIT,y,12
H03,2,24h,PIT,n,12
H03,2,24h,PIT,y,12
H03,3,24h,PIT,n,12
H03,3,24h,PIT,y,12
H03,1,24h,COL,n,2
H03,1,24h,COL,y,2
H03,2,24h,COL,n,2
H03,2,24h,COL,y,2
H03,3,24h,COL,n,2
H03,3,24h,COL,y,2
H03,1,24h,AMI,n,24
H03,1,24h,AMI,y,64
H03,2,24h,AMI,n,24
H03,2,24h,AMI,y,48
H03,3,24h,AMI,n,32
H03,3,24h,AMI,y,48
H03,1,24h,CTZ,n,6
H03,1,24h,CTZ,y,8
H03,2,24h,CTZ,n,3
H03,2,24h,CTZ,y,3
H03,3,24h,CTZ,n,12
H03,3,24h,CTZ,y,12
H03,1,24h,CTT,n,0.38
H03,1,24h,CTT,y,0.38
H03,2,24h,CTT,n,0.25
H03,2,24h,CTT,y,0.25
H03,3,24h,CTT,n,0.5
H03,3,24h,CTT,y,0.5
H03,1,48h,CIP,n,32
H03,1,48h,CIP,y,32
H03,2,48h,CIP,n,32
H03,2,48h,CIP,y,32
H03,3,48h,CIP,n,32
H03,3,48h,CIP,y,32
H03,1,48h,GEN,n,32
H03,1,48h,GEN,y,256
H03,2,48h,GEN,n,64
H03,2,48h,GEN,y,64
H03,3,48h,GEN,n,64
H03,3,48h,GEN,y,256
H03,1,48h,TOB,n,32
H03,1,48h,TOB,y,96
H03,2,48h,TOB,n,64
H03,2,48h,TOB,y,64
H03,3,48h,TOB,n,64
H03,3,48h,TOB,y,64
H03,1,48h,MER,n,0.094
H03,1,48h,MER,y,0.19
H03,2,48h,MER,n,0.125
H03,2,48h,MER,y,0.19
H03,3,48h,MER,n,0.19
H03,3,48h,MER,y,0.5
H03,1,48h,PIT,n,12
H03,1,48h,PIT,y,24
H03,2,48h,PIT,n,12
H03,2,48h,PIT,y,24
H03,3,48h,PIT,n,12
H03,3,48h,PIT,y,12
H03,1,48h,COL,n,2
H03,1,48h,COL,y,2
H03,2,48h,COL,n,2
H03,2,48h,COL,y,2
H03,3,48h,COL,n,2
H03,3,48h,COL,y,2
H03,1,48h,AMI,n,24
H03,1,48h,AMI,y,64
H03,2,48h,AMI,n,24
H03,2,48h,AMI,y,48
H03,3,48h,AMI,n,32
H03,3,48h,AMI,y,48
H03,1,48h,CTZ,n,6
H03,1,48h,CTZ,y,8
H03,2,48h,CTZ,n,3
H03,2,48h,CTZ,y,3
H03,3,48h,CTZ,n,12
H03,3,48h,CTZ,y,16
H03,1,48h,CTT,n,0.38
H03,1,48h,CTT,y,0.38
H03,2,48h,CTT,n,0.25
H03,2,48h,CTT,y,0.38
H03,3,48h,CTT,n,0.5
H03,3,48h,CTT,y,1
H04,1,24h,CIP,n,0.032
H04,1,24h,CIP,y,0.064
H04,2,24h,CIP,n,0.047
H04,2,24h,CIP,y,0.125
H04,3,24h,CIP,n,0.064
H04,3,24h,CIP,y,0.125
H04,1,24h,GEN,n,1
H04,1,24h,GEN,y,1
H04,2,24h,GEN,n,1
H04,2,24h,GEN,y,1
H04,3,24h,GEN,n,1
H04,3,24h,GEN,y,1
H04,1,24h,TOB,n,0.75
H04,1,24h,TOB,y,0.75
H04,2,24h,TOB,n,1
H04,2,24h,TOB,y,1
H04,3,24h,TOB,n,0.75
H04,3,24h,TOB,y,0.75
H04,1,24h,MER,n,0.023
H04,1,24h,MER,y,0.023
H04,2,24h,MER,n,0.023
H04,2,24h,MER,y,0.023
H04,3,24h,MER,n,0.023
H04,3,24h,MER,y,0.023
H04,1,24h,PIT,n,1.5
H04,1,24h,PIT,y,1.5
H04,2,24h,PIT,n,2
H04,2,24h,PIT,y,2
H04,3,24h,PIT,n,2
H04,3,24h,PIT,y,2
H04,1,24h,COL,n,3
H04,1,24h,COL,y,3
H04,2,24h,COL,n,3
H04,2,24h,COL,y,3
H04,3,24h,COL,n,3
H04,3,24h,COL,y,3
H04,1,24h,AMI,n,6
H04,1,24h,AMI,y,6
H04,2,24h,AMI,n,8
H04,2,24h,AMI,y,8
H04,3,24h,AMI,n,8
H04,3,24h,AMI,y,24
H04,1,24h,CTZ,n,1.5
H04,1,24h,CTZ,y,2
H04,2,24h,CTZ,n,1
H04,2,24h,CTZ,y,2
H04,3,24h,CTZ,n,1.5
H04,3,24h,CTZ,y,2
H04,1,24h,CTT,n,0.5
H04,1,24h,CTT,y,0.75
H04,2,24h,CTT,n,0.5
H04,2,24h,CTT,y,0.5
H04,3,24h,CTT,n,0.38
H04,3,24h,CTT,y,0.38
H04,1,48h,CIP,n,0.032
H04,1,48h,CIP,y,0.064
H04,2,48h,CIP,n,0.047
H04,2,48h,CIP,y,0.125
H04,3,48h,CIP,n,0.064
H04,3,48h,CIP,y,0.064
H04,1,48h,GEN,n,1
H04,1,48h,GEN,y,1
H04,2,48h,GEN,n,1
H04,2,48h,GEN,y,1
H04,3,48h,GEN,n,1
H04,3,48h,GEN,y,1
H04,1,48h,TOB,n,0.75
H04,1,48h,TOB,y,0.75
H04,2,48h,TOB,n,1
H04,2,48h,TOB,y,1
H04,3,48h,TOB,n,0.75
H04,3,48h,TOB,y,0.75
H04,1,48h,MER,n,0.023
H04,1,48h,MER,y,0.023
H04,2,48h,MER,n,0.032
H04,2,48h,MER,y,0.032
H04,3,48h,MER,n,0.032
H04,3,48h,MER,y,0.032
H04,1,48h,PIT,n,2
H04,1,48h,PIT,y,2
H04,2,48h,PIT,n,2
H04,2,48h,PIT,y,2
H04,3,48h,PIT,n,2
H04,3,48h,PIT,y,2
H04,1,48h,COL,n,3
H04,1,48h,COL,y,3
H04,2,48h,COL,n,3
H04,2,48h,COL,y,3
H04,3,48h,COL,n,3
H04,3,48h,COL,y,3
H04,1,48h,AMI,n,6
H04,1,48h,AMI,y,6
H04,2,48h,AMI,n,8
H04,2,48h,AMI,y,8
H04,3,48h,AMI,n,8
H04,3,48h,AMI,y,24
H04,1,48h,CTZ,n,1.5
H04,1,48h,CTZ,y,2
H04,2,48h,CTZ,n,1
H04,2,48h,CTZ,y,2
H04,3,48h,CTZ,n,1.5
H04,3,48h,CTZ,y,2
H04,1,48h,CTT,n,0.5
H04,1,48h,CTT,y,0.75
H04,2,48h,CTT,n,0.5
H04,2,48h,CTT,y,0.5
H04,3,48h,CTT,n,0.38
H04,3,48h,CTT,y,0.5
H05,1,24h,CIP,n,0.125
H05,1,24h,CIP,y,0.125
H05,2,24h,CIP,n,0.094
H05,2,24h,CIP,y,0.094
H05,3,24h,CIP,n,0.125
H05,3,24h,CIP,y,0.125
H05,1,24h,GEN,n,2
H05,1,24h,GEN,y,2
H05,2,24h,GEN,n,1
H05,2,24h,GEN,y,1
H05,3,24h,GEN,n,1.5
H05,3,24h,GEN,y,1.5
H05,1,24h,TOB,n,1.5
H05,1,24h,TOB,y,1.5
H05,2,24h,TOB,n,1.5
H05,2,24h,TOB,y,1.5
H05,3,24h,TOB,n,2
H05,3,24h,TOB,y,2
H05,1,24h,MER,n,0.064
H05,1,24h,MER,y,0.094
H05,2,24h,MER,n,0.064
H05,2,24h,MER,y,0.094
H05,3,24h,MER,n,0.023
H05,3,24h,MER,y,0.047
H05,1,24h,PIT,n,8
H05,1,24h,PIT,y,8
H05,2,24h,PIT,n,3
H05,2,24h,PIT,y,3
H05,3,24h,PIT,n,8
H05,3,24h,PIT,y,8
H05,1,24h,COL,n,3
H05,1,24h,COL,y,4
H05,2,24h,COL,n,3
H05,2,24h,COL,y,6
H05,3,24h,COL,n,3
H05,3,24h,COL,y,8
H05,1,24h,AMI,n,6
H05,1,24h,AMI,y,6
H05,2,24h,AMI,n,8
H05,2,24h,AMI,y,8
H05,3,24h,AMI,n,6
H05,3,24h,AMI,y,12
H05,1,24h,CTZ,n,1.5
H05,1,24h,CTZ,y,1.5
H05,2,24h,CTZ,n,2
H05,2,24h,CTZ,y,3
H05,3,24h,CTZ,n,2
H05,3,24h,CTZ,y,2
H05,1,24h,CTT,n,0.25
H05,1,24h,CTT,y,0.38
H05,2,24h,CTT,n,0.38
H05,2,24h,CTT,y,0.38
H05,3,24h,CTT,n,0.38
H05,3,24h,CTT,y,0.5
H05,1,48h,CIP,n,0.125
H05,1,48h,CIP,y,0.125
H05,2,48h,CIP,n,0.094
H05,2,48h,CIP,y,0.094
H05,3,48h,CIP,n,0.125
H05,3,48h,CIP,y,0.19
H05,1,48h,GEN,n,2
H05,1,48h,GEN,y,2
H05,2,48h,GEN,n,1
H05,2,48h,GEN,y,1
H05,3,48h,GEN,n,1.5
H05,3,48h,GEN,y,1.5
H05,1,48h,TOB,n,1.5
H05,1,48h,TOB,y,1.5
H05,2,48h,TOB,n,1.5
H05,2,48h,TOB,y,1.5
H05,3,48h,TOB,n,2
H05,3,48h,TOB,y,2
H05,1,48h,MER,n,0.064
H05,1,48h,MER,y,0.094
H05,2,48h,MER,n,0.064
H05,2,48h,MER,y,0.25
H05,3,48h,MER,n,0.023
H05,3,48h,MER,y,0.047
H05,1,48h,PIT,n,8
H05,1,48h,PIT,y,16
H05,2,48h,PIT,n,3
H05,2,48h,PIT,y,4
H05,3,48h,PIT,n,8
H05,3,48h,PIT,y,8
H05,1,48h,COL,n,3
H05,1,48h,COL,y,4
H05,2,48h,COL,n,3
H05,2,48h,COL,y,6
H05,3,48h,COL,n,3
H05,3,48h,COL,y,8
H05,1,48h,AMI,n,6
H05,1,48h,AMI,y,6
H05,2,48h,AMI,n,8
H05,2,48h,AMI,y,8
H05,3,48h,AMI,n,8
H05,3,48h,AMI,y,12
H05,1,48h,CTZ,n,1.5
H05,1,48h,CTZ,y,1.5
H05,2,48h,CTZ,n,2
H05,2,48h,CTZ,y,3
H05,3,48h,CTZ,n,2
H05,3,48h,CTZ,y,3
H05,1,48h,CTT,n,0.25
H05,1,48h,CTT,y,0.38
H05,2,48h,CTT,n,0.38
H05,2,48h,CTT,y,0.38
H05,3,48h,CTT,n,0.38
H05,3,48h,CTT,y,0.5
H06,1,24h,CIP,n,32
H06,1,24h,CIP,y,32
H06,2,24h,CIP,n,32
H06,2,24h,CIP,y,32
H06,3,24h,CIP,n,32
H06,3,24h,CIP,y,32
H06,1,24h,GEN,n,1.5
H06,1,24h,GEN,y,1.5
H06,2,24h,GEN,n,1
H06,2,24h,GEN,y,1
H06,3,24h,GEN,n,1.5
H06,3,24h,GEN,y,1.5
H06,1,24h,TOB,n,1.5
H06,1,24h,TOB,y,1.5
H06,2,24h,TOB,n,1.5
H06,2,24h,TOB,y,1.5
H06,3,24h,TOB,n,1.5
H06,3,24h,TOB,y,1.5
H06,1,24h,MER,n,0.047
H06,1,24h,MER,y,0.047
H06,2,24h,MER,n,0.047
H06,2,24h,MER,y,0.047
H06,3,24h,MER,n,0.032
H06,3,24h,MER,y,0.032
H06,1,24h,PIT,n,12
H06,1,24h,PIT,y,12
H06,2,24h,PIT,n,16
H06,2,24h,PIT,y,16
H06,3,24h,PIT,n,16
H06,3,24h,PIT,y,16
H06,1,24h,COL,n,2
H06,1,24h,COL,y,2
H06,2,24h,COL,n,4
H06,2,24h,COL,y,4
H06,3,24h,COL,n,1.5
H06,3,24h,COL,y,1.5
H06,1,24h,AMI,n,16
H06,1,24h,AMI,y,16
H06,2,24h,AMI,n,12
H06,2,24h,AMI,y,12
H06,3,24h,AMI,n,24
H06,3,24h,AMI,y,24
H06,1,24h,CTZ,n,4
H06,1,24h,CTZ,y,4
H06,2,24h,CTZ,n,3
H06,2,24h,CTZ,y,3
H06,3,24h,CTZ,n,6
H06,3,24h,CTZ,y,6
H06,1,24h,CTT,n,0.19
H06,1,24h,CTT,y,0.19
H06,2,24h,CTT,n,0.38
H06,2,24h,CTT,y,0.38
H06,3,24h,CTT,n,0.38
H06,3,24h,CTT,y,0.38
H06,1,48h,CIP,n,32
H06,1,48h,CIP,y,32
H06,2,48h,CIP,n,32
H06,2,48h,CIP,y,32
H06,3,48h,CIP,n,32
H06,3,48h,CIP,y,32
H06,1,48h,GEN,n,1.5
H06,1,48h,GEN,y,1.5
H06,2,48h,GEN,n,1
H06,2,48h,GEN,y,1
H06,3,48h,GEN,n,1.5
H06,3,48h,GEN,y,1.5
H06,1,48h,TOB,n,1.5
H06,1,48h,TOB,y,1.5
H06,2,48h,TOB,n,1.5
H06,2,48h,TOB,y,1.5
H06,3,48h,TOB,n,1.5
H06,3,48h,TOB,y,1.5
H06,1,48h,MER,n,0.047
H06,1,48h,MER,y,0.047
H06,2,48h,MER,n,0.047
H06,2,48h,MER,y,0.047
H06,3,48h,MER,n,0.047
H06,3,48h,MER,y,0.047
H06,1,48h,PIT,n,12
H06,1,48h,PIT,y,12
H06,2,48h,PIT,n,16
H06,2,48h,PIT,y,16
H06,3,48h,PIT,n,16
H06,3,48h,PIT,y,16
H06,1,48h,COL,n,2
H06,1,48h,COL,y,2
H06,2,48h,COL,n,4
H06,2,48h,COL,y,4
H06,3,48h,COL,n,1.5
H06,3,48h,COL,y,1.5
H06,1,48h,AMI,n,16
H06,1,48h,AMI,y,24
H06,2,48h,AMI,n,12
H06,2,48h,AMI,y,12
H06,3,48h,AMI,n,24
H06,3,48h,AMI,y,24
H06,1,48h,CTZ,n,4
H06,1,48h,CTZ,y,6
H06,2,48h,CTZ,n,3
H06,2,48h,CTZ,y,3
H06,3,48h,CTZ,n,6
H06,3,48h,CTZ,y,6
H06,1,48h,CTT,n,0.19
H06,1,48h,CTT,y,0.19
H06,2,48h,CTT,n,0.38
H06,2,48h,CTT,y,0.38
H06,3,48h,CTT,n,0.38
H06,3,48h,CTT,y,0.38
H07,1,24h,CIP,n,0.094
H07,1,24h,CIP,y,0.094
H07,2,24h,CIP,n,0.125
H07,2,24h,CIP,y,0.125
H07,3,24h,CIP,n,0.125
H07,3,24h,CIP,y,0.125
H07,1,24h,GEN,n,1
H07,1,24h,GEN,y,1
H07,2,24h,GEN,n,1.5
H07,2,24h,GEN,y,1.5
H07,3,24h,GEN,n,1.5
H07,3,24h,GEN,y,1.5
H07,1,24h,TOB,n,2
H07,1,24h,TOB,y,2
H07,2,24h,TOB,n,1.5
H07,2,24h,TOB,y,1.5
H07,3,24h,TOB,n,2
H07,3,24h,TOB,y,2
H07,1,24h,MER,n,0.023
H07,1,24h,MER,y,0.023
H07,2,24h,MER,n,0.023
H07,2,24h,MER,y,0.023
H07,3,24h,MER,n,0.023
H07,3,24h,MER,y,0.023
H07,1,24h,PIT,n,3
H07,1,24h,PIT,y,3
H07,2,24h,PIT,n,2
H07,2,24h,PIT,y,2
H07,3,24h,PIT,n,4
H07,3,24h,PIT,y,4
H07,1,24h,COL,n,2
H07,1,24h,COL,y,2
H07,2,24h,COL,n,NA
H07,2,24h,COL,y,NA
H07,3,24h,COL,n,3
H07,3,24h,COL,y,3
H07,1,24h,AMI,n,24
H07,1,24h,AMI,y,24
H07,2,24h,AMI,n,NA
H07,2,24h,AMI,y,NA
H07,3,24h,AMI,n,16
H07,3,24h,AMI,y,16
H07,1,24h,CTZ,n,2
H07,1,24h,CTZ,y,3
H07,2,24h,CTZ,n,NA
H07,2,24h,CTZ,y,NA
H07,3,24h,CTZ,n,2
H07,3,24h,CTZ,y,3
H07,1,24h,CTT,n,0.5
H07,1,24h,CTT,y,0.75
H07,2,24h,CTT,n,NA
H07,2,24h,CTT,y,NA
H07,3,24h,CTT,n,1
H07,3,24h,CTT,y,1
H07,1,48h,CIP,n,0.064
H07,1,48h,CIP,y,0.064
H07,2,48h,CIP,n,0.125
H07,2,48h,CIP,y,0.125
H07,3,48h,CIP,n,0.125
H07,3,48h,CIP,y,0.125
H07,1,48h,GEN,n,1.5
H07,1,48h,GEN,y,1.5
H07,2,48h,GEN,n,1.5
H07,2,48h,GEN,y,1.5
H07,3,48h,GEN,n,1.5
H07,3,48h,GEN,y,1.5
H07,1,48h,TOB,n,1.5
H07,1,48h,TOB,y,1.5
H07,2,48h,TOB,n,1
H07,2,48h,TOB,y,1
H07,3,48h,TOB,n,2
H07,3,48h,TOB,y,2
H07,1,48h,MER,n,0.023
H07,1,48h,MER,y,0.023
H07,2,48h,MER,n,0.032
H07,2,48h,MER,y,0.032
H07,3,48h,MER,n,0.023
H07,3,48h,MER,y,0.023
H07,1,48h,PIT,n,3
H07,1,48h,PIT,y,3
H07,2,48h,PIT,n,2
H07,2,48h,PIT,y,3
H07,3,48h,PIT,n,4
H07,3,48h,PIT,y,4
H07,1,48h,COL,n,4
H07,1,48h,COL,y,4
H07,2,48h,COL,n,NA
H07,2,48h,COL,y,NA
H07,3,48h,COL,n,3
H07,3,48h,COL,y,3
H07,1,48h,AMI,n,24
H07,1,48h,AMI,y,24
H07,2,48h,AMI,n,NA
H07,2,48h,AMI,y,NA
H07,3,48h,AMI,n,16
H07,3,48h,AMI,y,32
H07,1,48h,CTZ,n,2
H07,1,48h,CTZ,y,3
H07,2,48h,CTZ,n,NA
H07,2,48h,CTZ,y,NA
H07,3,48h,CTZ,n,2
H07,3,48h,CTZ,y,3
H07,1,48h,CTT,n,0.5
H07,1,48h,CTT,y,0.75
H07,2,48h,CTT,n,NA
H07,2,48h,CTT,y,NA
H07,3,48h,CTT,n,1
H07,3,48h,CTT,y,1
H08,1,24h,CIP,n,1
H08,1,24h,CIP,y,1
H08,2,24h,CIP,n,0.75
H08,2,24h,CIP,y,1.5
H08,3,24h,CIP,n,1
H08,3,24h,CIP,y,1.5
H08,1,24h,GEN,n,1
H08,1,24h,GEN,y,1
H08,2,24h,GEN,n,1.5
H08,2,24h,GEN,y,1.5
H08,3,24h,GEN,n,1.5
H08,3,24h,GEN,y,1.5
H08,1,24h,TOB,n,1.5
H08,1,24h,TOB,y,1.5
H08,2,24h,TOB,n,1.5
H08,2,24h,TOB,y,1.5
H08,3,24h,TOB,n,1.5
H08,3,24h,TOB,y,1.5
H08,1,24h,MER,n,0.064
H08,1,24h,MER,y,0.064
H08,2,24h,MER,n,0.125
H08,2,24h,MER,y,0.25
H08,3,24h,MER,n,0.094
H08,3,24h,MER,y,0.094
H08,1,24h,PIT,n,6
H08,1,24h,PIT,y,6
H08,2,24h,PIT,n,6
H08,2,24h,PIT,y,6
H08,3,24h,PIT,n,6
H08,3,24h,PIT,y,6
H08,1,24h,COL,n,4
H08,1,24h,COL,y,4
H08,2,24h,COL,n,4
H08,2,24h,COL,y,4
H08,3,24h,COL,n,3
H08,3,24h,COL,y,3
H08,1,24h,AMI,n,12
H08,1,24h,AMI,y,12
H08,2,24h,AMI,n,12
H08,2,24h,AMI,y,12
H08,3,24h,AMI,n,16
H08,3,24h,AMI,y,48
H08,1,24h,CTZ,n,3
H08,1,24h,CTZ,y,3
H08,2,24h,CTZ,n,2
H08,2,24h,CTZ,y,2
H08,3,24h,CTZ,n,2
H08,3,24h,CTZ,y,2
H08,1,24h,CTT,n,0.5
H08,1,24h,CTT,y,0.5
H08,2,24h,CTT,n,0.5
H08,2,24h,CTT,y,0.5
H08,3,24h,CTT,n,0.5
H08,3,24h,CTT,y,0.5
H08,1,48h,CIP,n,1
H08,1,48h,CIP,y,1.5
H08,2,48h,CIP,n,1
H08,2,48h,CIP,y,1.5
H08,3,48h,CIP,n,1
H08,3,48h,CIP,y,1.5
H08,1,48h,GEN,n,1.5
H08,1,48h,GEN,y,1.5
H08,2,48h,GEN,n,1.5
H08,2,48h,GEN,y,1.5
H08,3,48h,GEN,n,1
H08,3,48h,GEN,y,1
H08,1,48h,TOB,n,1.5
H08,1,48h,TOB,y,1.5
H08,2,48h,TOB,n,1.5
H08,2,48h,TOB,y,1.5
H08,3,48h,TOB,n,1.5
H08,3,48h,TOB,y,1.5
H08,1,48h,MER,n,0.064
H08,1,48h,MER,y,0.064
H08,2,48h,MER,n,0.125
H08,2,48h,MER,y,0.25
H08,3,48h,MER,n,0.094
H08,3,48h,MER,y,0.094
H08,1,48h,PIT,n,6
H08,1,48h,PIT,y,6
H08,2,48h,PIT,n,8
H08,2,48h,PIT,y,8
H08,3,48h,PIT,n,6
H08,3,48h,PIT,y,6
H08,1,48h,COL,n,4
H08,1,48h,COL,y,4
H08,2,48h,COL,n,4
H08,2,48h,COL,y,4
H08,3,48h,COL,n,3
H08,3,48h,COL,y,3
H08,1,48h,AMI,n,12
H08,1,48h,AMI,y,12
H08,2,48h,AMI,n,12
H08,2,48h,AMI,y,16
H08,3,48h,AMI,n,16
H08,3,48h,AMI,y,48
H08,1,48h,CTZ,n,3
H08,1,48h,CTZ,y,3
H08,2,48h,CTZ,n,2
H08,2,48h,CTZ,y,2
H08,3,48h,CTZ,n,2
H08,3,48h,CTZ,y,3
H08,1,48h,CTT,n,0.5
H08,1,48h,CTT,y,0.5
H08,2,48h,CTT,n,0.5
H08,2,48h,CTT,y,0.5
H08,3,48h,CTT,n,0.5
H08,3,48h,CTT,y,0.5
H09,1,24h,CIP,n,0.125
H09,1,24h,CIP,y,0.125
H09,2,24h,CIP,n,0.125
H09,2,24h,CIP,y,0.19
H09,3,24h,CIP,n,0.094
H09,3,24h,CIP,y,0.125
H09,1,24h,GEN,n,2
H09,1,24h,GEN,y,2
H09,2,24h,GEN,n,2
H09,2,24h,GEN,y,2
H09,3,24h,GEN,n,2
H09,3,24h,GEN,y,2
H09,1,24h,TOB,n,1.5
H09,1,24h,TOB,y,1.5
H09,2,24h,TOB,n,1.5
H09,2,24h,TOB,y,1.5
H09,3,24h,TOB,n,2
H09,3,24h,TOB,y,2
H09,1,24h,MER,n,0.023
H09,1,24h,MER,y,0.023
H09,2,24h,MER,n,0.023
H09,2,24h,MER,y,0.023
H09,3,24h,MER,n,0.023
H09,3,24h,MER,y,0.023
H09,1,24h,PIT,n,2
H09,1,24h,PIT,y,2
H09,2,24h,PIT,n,3
H09,2,24h,PIT,y,3
H09,3,24h,PIT,n,3
H09,3,24h,PIT,y,3
H09,1,24h,COL,n,4
H09,1,24h,COL,y,4
H09,2,24h,COL,n,4
H09,2,24h,COL,y,4
H09,3,24h,COL,n,2
H09,3,24h,COL,y,2
H09,1,24h,AMI,n,32
H09,1,24h,AMI,y,32
H09,2,24h,AMI,n,24
H09,2,24h,AMI,y,24
H09,3,24h,AMI,n,8
H09,3,24h,AMI,y,8
H09,1,24h,CTZ,n,0.75
H09,1,24h,CTZ,y,0.75
H09,2,24h,CTZ,n,1.5
H09,2,24h,CTZ,y,1.5
H09,3,24h,CTZ,n,0.75
H09,3,24h,CTZ,y,0.75
H09,1,24h,CTT,n,0.25
H09,1,24h,CTT,y,0.38
H09,2,24h,CTT,n,0.75
H09,2,24h,CTT,y,0.75
H09,3,24h,CTT,n,0.38
H09,3,24h,CTT,y,0.38
H09,1,48h,CIP,n,0.125
H09,1,48h,CIP,y,0.19
H09,2,48h,CIP,n,0.125
H09,2,48h,CIP,y,0.19
H09,3,48h,CIP,n,0.094
H09,3,48h,CIP,y,0.125
H09,1,48h,GEN,n,2
H09,1,48h,GEN,y,2
H09,2,48h,GEN,n,2
H09,2,48h,GEN,y,2
H09,3,48h,GEN,n,2
H09,3,48h,GEN,y,2
H09,1,48h,TOB,n,1.5
H09,1,48h,TOB,y,1.5
H09,2,48h,TOB,n,1.5
H09,2,48h,TOB,y,1.5
H09,3,48h,TOB,n,2
H09,3,48h,TOB,y,2
H09,1,48h,MER,n,0.023
H09,1,48h,MER,y,0.023
H09,2,48h,MER,n,0.032
H09,2,48h,MER,y,0.032
H09,3,48h,MER,n,0.032
H09,3,48h,MER,y,0.032
H09,1,48h,PIT,n,2
H09,1,48h,PIT,y,2
H09,2,48h,PIT,n,3
H09,2,48h,PIT,y,3
H09,3,48h,PIT,n,3
H09,3,48h,PIT,y,3
H09,1,48h,COL,n,4
H09,1,48h,COL,y,4
H09,2,48h,COL,n,4
H09,2,48h,COL,y,4
H09,3,48h,COL,n,2
H09,3,48h,COL,y,2
H09,1,48h,AMI,n,32
H09,1,48h,AMI,y,32
H09,2,48h,AMI,n,24
H09,2,48h,AMI,y,24
H09,3,48h,AMI,n,8
H09,3,48h,AMI,y,8
H09,1,48h,CTZ,n,0.75
H09,1,48h,CTZ,y,0.75
H09,2,48h,CTZ,n,1.5
H09,2,48h,CTZ,y,1.5
H09,3,48h,CTZ,n,0.75
H09,3,48h,CTZ,y,0.75
H09,1,48h,CTT,n,0.25
H09,1,48h,CTT,y,0.38
H09,2,48h,CTT,n,0.75
H09,2,48h,CTT,y,0.75
H09,3,48h,CTT,n,0.38
H09,3,48h,CTT,y,0.38
H10,1,24h,CIP,n,0.094
H10,1,24h,CIP,y,0.125
H10,2,24h,CIP,n,0.094
H10,2,24h,CIP,y,0.094
H10,3,24h,CIP,n,0.064
H10,3,24h,CIP,y,0.064
H10,1,24h,GEN,n,0.75
H10,1,24h,GEN,y,0.75
H10,2,24h,GEN,n,0.75
H10,2,24h,GEN,y,0.75
H10,3,24h,GEN,n,1
H10,3,24h,GEN,y,1
H10,1,24h,TOB,n,1.5
H10,1,24h,TOB,y,1.5
H10,2,24h,TOB,n,1.5
H10,2,24h,TOB,y,1.5
H10,3,24h,TOB,n,1.5
H10,3,24h,TOB,y,1.5
H10,1,24h,MER,n,0.016
H10,1,24h,MER,y,0.032
H10,2,24h,MER,n,0.016
H10,2,24h,MER,y,0.023
H10,3,24h,MER,n,0.023
H10,3,24h,MER,y,0.023
H10,1,24h,PIT,n,1.5
H10,1,24h,PIT,y,1.5
H10,2,24h,PIT,n,2
H10,2,24h,PIT,y,2
H10,3,24h,PIT,n,4
H10,3,24h,PIT,y,4
H10,1,24h,COL,n,3
H10,1,24h,COL,y,3
H10,2,24h,COL,n,2
H10,2,24h,COL,y,2
H10,3,24h,COL,n,3
H10,3,24h,COL,y,3
H10,1,24h,AMI,n,8
H10,1,24h,AMI,y,8
H10,2,24h,AMI,n,6
H10,2,24h,AMI,y,8
H10,3,24h,AMI,n,2
H10,3,24h,AMI,y,3
H10,1,24h,CTZ,n,2
H10,1,24h,CTZ,y,3
H10,2,24h,CTZ,n,1.5
H10,2,24h,CTZ,y,2
H10,3,24h,CTZ,n,0.75
H10,3,24h,CTZ,y,1
H10,1,24h,CTT,n,0.19
H10,1,24h,CTT,y,0.25
H10,2,24h,CTT,n,0.5
H10,2,24h,CTT,y,0.5
H10,3,24h,CTT,n,0.5
H10,3,24h,CTT,y,0.5
H10,1,48h,CIP,n,0.094
H10,1,48h,CIP,y,0.125
H10,2,48h,CIP,n,0.094
H10,2,48h,CIP,y,0.094
H10,3,48h,CIP,n,0.064
H10,3,48h,CIP,y,0.064
H10,1,48h,GEN,n,0.75
H10,1,48h,GEN,y,0.75
H10,2,48h,GEN,n,0.75
H10,2,48h,GEN,y,0.75
H10,3,48h,GEN,n,1
H10,3,48h,GEN,y,1
H10,1,48h,TOB,n,1.5
H10,1,48h,TOB,y,1.5
H10,2,48h,TOB,n,1.5
H10,2,48h,TOB,y,1.5
H10,3,48h,TOB,n,1.5
H10,3,48h,TOB,y,1.5
H10,1,48h,MER,n,0.016
H10,1,48h,MER,y,0.016
H10,2,48h,MER,n,0.016
H10,2,48h,MER,y,0.016
H10,3,48h,MER,n,0.023
H10,3,48h,MER,y,0.023
H10,1,48h,PIT,n,1.5
H10,1,48h,PIT,y,1.5
H10,2,48h,PIT,n,1.5
H10,2,48h,PIT,y,1.5
H10,3,48h,PIT,n,4
H10,3,48h,PIT,y,4
H10,1,48h,COL,n,3
H10,1,48h,COL,y,3
H10,2,48h,COL,n,2
H10,2,48h,COL,y,2
H10,3,48h,COL,n,3
H10,3,48h,COL,y,3
H10,1,48h,AMI,n,8
H10,1,48h,AMI,y,8
H10,2,48h,AMI,n,6
H10,2,48h,AMI,y,8
H10,3,48h,AMI,n,2
H10,3,48h,AMI,y,6
H10,1,48h,CTZ,n,2
H10,1,48h,CTZ,y,3
H10,2,48h,CTZ,n,1.5
H10,2,48h,CTZ,y,2
H10,3,48h,CTZ,n,0.75
H10,3,48h,CTZ,y,1
H10,1,48h,CTT,n,0.19
H10,1,48h,CTT,y,0.25
H10,2,48h,CTT,n,0.5
H10,2,48h,CTT,y,0.5
H10,3,48h,CTT,n,0.5
H10,3,48h,CTT,y,0.5
H11,1,24h,CIP,n,32
H11,1,24h,CIP,y,32
H11,2,24h,CIP,n,32
H11,2,24h,CIP,y,32
H11,3,24h,CIP,n,32
H11,3,24h,CIP,y,32
H11,1,24h,GEN,n,1.5
H11,1,24h,GEN,y,1.5
H11,2,24h,GEN,n,1.5
H11,2,24h,GEN,y,1.5
H11,3,24h,GEN,n,1.5
H11,3,24h,GEN,y,1.5
H11,1,24h,TOB,n,2
H11,1,24h,TOB,y,2
H11,2,24h,TOB,n,1.5
H11,2,24h,TOB,y,1.5
H11,3,24h,TOB,n,1.5
H11,3,24h,TOB,y,1.5
H11,1,24h,MER,n,0.094
H11,1,24h,MER,y,0.09
H11,2,24h,MER,n,0.094
H11,2,24h,MER,y,0.125
H11,3,24h,MER,n,0.094
H11,3,24h,MER,y,0.094
H11,1,24h,PIT,n,8
H11,1,24h,PIT,y,8
H11,2,24h,PIT,n,8
H11,2,24h,PIT,y,8
H11,3,24h,PIT,n,8
H11,3,24h,PIT,y,8
H11,1,24h,COL,n,4
H11,1,24h,COL,y,4
H11,2,24h,COL,n,4
H11,2,24h,COL,y,4
H11,3,24h,COL,n,3
H11,3,24h,COL,y,3
H11,1,24h,AMI,n,8
H11,1,24h,AMI,y,12
H11,2,24h,AMI,n,16
H11,2,24h,AMI,y,16
H11,3,24h,AMI,n,12
H11,3,24h,AMI,y,12
H11,1,24h,CTZ,n,4
H11,1,24h,CTZ,y,4
H11,2,24h,CTZ,n,3
H11,2,24h,CTZ,y,3
H11,3,24h,CTZ,n,3
H11,3,24h,CTZ,y,3
H11,1,24h,CTT,n,0.5
H11,1,24h,CTT,y,0.5
H11,2,24h,CTT,n,0.75
H11,2,24h,CTT,y,0.75
H11,3,24h,CTT,n,0.75
H11,3,24h,CTT,y,0.75
H11,1,48h,CIP,n,32
H11,1,48h,CIP,y,32
H11,2,48h,CIP,n,32
H11,2,48h,CIP,y,32
H11,3,48h,CIP,n,32
H11,3,48h,CIP,y,32
H11,1,48h,GEN,n,1.5
H11,1,48h,GEN,y,1.5
H11,2,48h,GEN,n,1.5
H11,2,48h,GEN,y,1.5
H11,3,48h,GEN,n,1.5
H11,3,48h,GEN,y,1.5
H11,1,48h,TOB,n,2
H11,1,48h,TOB,y,2
H11,2,48h,TOB,n,1.5
H11,2,48h,TOB,y,1.5
H11,3,48h,TOB,n,1.5
H11,3,48h,TOB,y,1.5
H11,1,48h,MER,n,0.094
H11,1,48h,MER,y,0.094
H11,2,48h,MER,n,0.094
H11,2,48h,MER,y,0.125
H11,3,48h,MER,n,0.094
H11,3,48h,MER,y,0.125
H11,1,48h,PIT,n,8
H11,1,48h,PIT,y,8
H11,2,48h,PIT,n,8
H11,2,48h,PIT,y,8
H11,3,48h,PIT,n,6
H11,3,48h,PIT,y,6
H11,1,48h,COL,n,4
H11,1,48h,COL,y,4
H11,2,48h,COL,n,4
H11,2,48h,COL,y,4
H11,3,48h,COL,n,3
H11,3,48h,COL,y,3
H11,1,48h,AMI,n,8
H11,1,48h,AMI,y,12
H11,2,48h,AMI,n,16
H11,2,48h,AMI,y,16
H11,3,48h,AMI,n,12
H11,3,48h,AMI,y,12
H11,1,48h,CTZ,n,4
H11,1,48h,CTZ,y,4
H11,2,48h,CTZ,n,3
H11,2,48h,CTZ,y,3
H11,3,48h,CTZ,n,3
H11,3,48h,CTZ,y,3
H11,1,48h,CTT,n,0.5
H11,1,48h,CTT,y,0.5
H11,2,48h,CTT,n,0.75
H11,2,48h,CTT,y,0.75
H11,3,48h,CTT,n,0.75
H11,3,48h,CTT,y,0.75
H12,1,24h,CIP,n,32
H12,1,24h,CIP,y,32
H12,2,24h,CIP,n,32
H12,2,24h,CIP,y,32
H12,3,24h,CIP,n,32
H12,3,24h,CIP,y,32
H12,1,24h,GEN,n,1.5
H12,1,24h,GEN,y,1.5
H12,2,24h,GEN,n,1.5
H12,2,24h,GEN,y,1.5
H12,3,24h,GEN,n,1.5
H12,3,24h,GEN,y,1.5
H12,1,24h,TOB,n,1
H12,1,24h,TOB,y,1.5
H12,2,24h,TOB,n,1.5
H12,2,24h,TOB,y,1.5
H12,3,24h,TOB,n,1.5
H12,3,24h,TOB,y,1.5
H12,1,24h,MER,n,16
H12,1,24h,MER,y,16
H12,2,24h,MER,n,12
H12,2,24h,MER,y,16
H12,3,24h,MER,n,8
H12,3,24h,MER,y,12
H12,1,24h,PIT,n,12
H12,1,24h,PIT,y,12
H12,2,24h,PIT,n,8
H12,2,24h,PIT,y,8
H12,3,24h,PIT,n,6
H12,3,24h,PIT,y,8
H12,1,24h,COL,n,3
H12,1,24h,COL,y,3
H12,2,24h,COL,n,2
H12,2,24h,COL,y,2
H12,3,24h,COL,n,3
H12,3,24h,COL,y,4
H12,1,24h,AMI,n,6
H12,1,24h,AMI,y,6
H12,2,24h,AMI,n,16
H12,2,24h,AMI,y,16
H12,3,24h,AMI,n,6
H12,3,24h,AMI,y,6
H12,1,24h,CTZ,n,1.5
H12,1,24h,CTZ,y,1.5
H12,2,24h,CTZ,n,2
H12,2,24h,CTZ,y,3
H12,3,24h,CTZ,n,6
H12,3,24h,CTZ,y,6
H12,1,24h,CTT,n,0.38
H12,1,24h,CTT,y,0.38
H12,2,24h,CTT,n,0.38
H12,2,24h,CTT,y,0.38
H12,3,24h,CTT,n,0.38
H12,3,24h,CTT,y,0.38
H12,1,48h,CIP,n,32
H12,1,48h,CIP,y,32
H12,2,48h,CIP,n,32
H12,2,48h,CIP,y,32
H12,3,48h,CIP,n,32
H12,3,48h,CIP,y,32
H12,1,48h,GEN,n,1.5
H12,1,48h,GEN,y,1.5
H12,2,48h,GEN,n,1.5
H12,2,48h,GEN,y,1.5
H12,3,48h,GEN,n,1.5
H12,3,48h,GEN,y,1.5
H12,1,48h,TOB,n,1
H12,1,48h,TOB,y,1
H12,2,48h,TOB,n,1.5
H12,2,48h,TOB,y,1.5
H12,3,48h,TOB,n,1.5
H12,3,48h,TOB,y,1.5
H12,1,48h,MER,n,12
H12,1,48h,MER,y,12
H12,2,48h,MER,n,12
H12,2,48h,MER,y,16
H12,3,48h,MER,n,8
H12,3,48h,MER,y,16
H12,1,48h,PIT,n,12
H12,1,48h,PIT,y,12
H12,2,48h,PIT,n,8
H12,2,48h,PIT,y,8
H12,3,48h,PIT,n,6
H12,3,48h,PIT,y,6
H12,1,48h,COL,n,3
H12,1,48h,COL,y,3
H12,2,48h,COL,n,2
H12,2,48h,COL,y,2
H12,3,48h,COL,n,3
H12,3,48h,COL,y,4
H12,1,48h,AMI,n,6
H12,1,48h,AMI,y,6
H12,2,48h,AMI,n,16
H12,2,48h,AMI,y,16
H12,3,48h,AMI,n,6
H12,3,48h,AMI,y,6
H12,1,48h,CTZ,n,1.5
H12,1,48h,CTZ,y,1.5
H12,2,48h,CTZ,n,2
H12,2,48h,CTZ,y,3
H12,3,48h,CTZ,n,6
H12,3,48h,CTZ,y,6
H12,1,48h,CTT,n,0.38
H12,1,48h,CTT,y,0.38
H12,2,48h,CTT,n,0.38
H12,2,48h,CTT,y,0.38
H12,3,48h,CTT,n,0.38
H12,3,48h,CTT,y,0.38
H13,1,24h,CIP,n,0.047
H13,1,24h,CIP,y,0.064
H13,2,24h,CIP,n,0.047
H13,2,24h,CIP,y,0.064
H13,3,24h,CIP,n,0.047
H13,3,24h,CIP,y,0.094
H13,1,24h,GEN,n,1.5
H13,1,24h,GEN,y,1.5
H13,2,24h,GEN,n,NA
H13,2,24h,GEN,y,NA
H13,3,24h,GEN,n,1
H13,3,24h,GEN,y,2
H13,1,24h,TOB,n,1.5
H13,1,24h,TOB,y,1.5
H13,2,24h,TOB,n,NA
H13,2,24h,TOB,y,NA
H13,3,24h,TOB,n,1.5
H13,3,24h,TOB,y,1.5
H13,1,24h,MER,n,0.016
H13,1,24h,MER,y,0.016
H13,2,24h,MER,n,NA
H13,2,24h,MER,y,NA
H13,3,24h,MER,n,0.023
H13,3,24h,MER,y,0.023
H13,1,24h,PIT,n,2
H13,1,24h,PIT,y,2
H13,2,24h,PIT,n,NA
H13,2,24h,PIT,y,NA
H13,3,24h,PIT,n,4
H13,3,24h,PIT,y,4
H13,1,24h,COL,n,4
H13,1,24h,COL,y,4
H13,2,24h,COL,n,4
H13,2,24h,COL,y,4
H13,3,24h,COL,n,4
H13,3,24h,COL,y,4
H13,1,24h,AMI,n,6
H13,1,24h,AMI,y,6
H13,2,24h,AMI,n,6
H13,2,24h,AMI,y,6
H13,3,24h,AMI,n,6
H13,3,24h,AMI,y,6
H13,1,24h,CTZ,n,1.5
H13,1,24h,CTZ,y,1.5
H13,2,24h,CTZ,n,1.5
H13,2,24h,CTZ,y,1.5
H13,3,24h,CTZ,n,2
H13,3,24h,CTZ,y,3
H13,1,24h,CTT,n,0.5
H13,1,24h,CTT,y,0.5
H13,2,24h,CTT,n,0.38
H13,2,24h,CTT,y,0.38
H13,3,24h,CTT,n,0.38
H13,3,24h,CTT,y,0.38
H13,1,48h,CIP,n,0.047
H13,1,48h,CIP,y,0.064
H13,2,48h,CIP,n,0.064
H13,2,48h,CIP,y,0.064
H13,3,48h,CIP,n,0.064
H13,3,48h,CIP,y,0.094
H13,1,48h,GEN,n,1.5
H13,1,48h,GEN,y,1.5
H13,2,48h,GEN,n,NA
H13,2,48h,GEN,y,NA
H13,3,48h,GEN,n,1
H13,3,48h,GEN,y,1
H13,1,48h,TOB,n,1
H13,1,48h,TOB,y,1
H13,2,48h,TOB,n,NA
H13,2,48h,TOB,y,NA
H13,3,48h,TOB,n,1.5
H13,3,48h,TOB,y,1.5
H13,1,48h,MER,n,0.016
H13,1,48h,MER,y,0.016
H13,2,48h,MER,n,NA
H13,2,48h,MER,y,NA
H13,3,48h,MER,n,0.023
H13,3,48h,MER,y,0.023
H13,1,48h,PIT,n,2
H13,1,48h,PIT,y,2
H13,2,48h,PIT,n,NA
H13,2,48h,PIT,y,NA
H13,3,48h,PIT,n,3
H13,3,48h,PIT,y,3
H13,1,48h,COL,n,4
H13,1,48h,COL,y,4
H13,2,48h,COL,n,4
H13,2,48h,COL,y,4
H13,3,48h,COL,n,4
H13,3,48h,COL,y,4
H13,1,48h,AMI,n,6
H13,1,48h,AMI,y,8
H13,2,48h,AMI,n,6
H13,2,48h,AMI,y,6
H13,3,48h,AMI,n,6
H13,3,48h,AMI,y,6
H13,1,48h,CTZ,n,1.5
H13,1,48h,CTZ,y,1.5
H13,2,48h,CTZ,n,1.5
H13,2,48h,CTZ,y,1.5
H13,3,48h,CTZ,n,2
H13,3,48h,CTZ,y,3
H13,1,48h,CTT,n,0.5
H13,1,48h,CTT,y,0.75
H13,2,48h,CTT,n,0.38
H13,2,48h,CTT,y,0.38
H13,3,48h,CTT,n,0.38
H13,3,48h,CTT,y,0.38
H14,1,24h,CIP,n,0.064
H14,1,24h,CIP,y,0.094
H14,2,24h,CIP,n,0.064
H14,2,24h,CIP,y,0.064
H14,3,24h,CIP,n,0.032
H14,3,24h,CIP,y,0.064
H14,1,24h,GEN,n,1.5
H14,1,24h,GEN,y,1.5
H14,2,24h,GEN,n,2
H14,2,24h,GEN,y,2
H14,3,24h,GEN,n,1.5
H14,3,24h,GEN,y,1.5
H14,1,24h,TOB,n,0.75
H14,1,24h,TOB,y,0.75
H14,2,24h,TOB,n,1
H14,2,24h,TOB,y,1
H14,3,24h,TOB,n,1.5
H14,3,24h,TOB,y,1.5
H14,1,24h,MER,n,0.012
H14,1,24h,MER,y,0.012
H14,2,24h,MER,n,0.012
H14,2,24h,MER,y,0.012
H14,3,24h,MER,n,0.012
H14,3,24h,MER,y,0.012
H14,1,24h,PIT,n,1
H14,1,24h,PIT,y,1
H14,2,24h,PIT,n,0.75
H14,2,24h,PIT,y,0.75
H14,3,24h,PIT,n,1.5
H14,3,24h,PIT,y,1.5
H14,1,24h,COL,n,2
H14,1,24h,COL,y,2
H14,2,24h,COL,n,3
H14,2,24h,COL,y,12
H14,3,24h,COL,n,2
H14,3,24h,COL,y,2
H14,1,24h,AMI,n,4
H14,1,24h,AMI,y,4
H14,2,24h,AMI,n,4
H14,2,24h,AMI,y,4
H14,3,24h,AMI,n,3
H14,3,24h,AMI,y,3
H14,1,24h,CTZ,n,0.5
H14,1,24h,CTZ,y,1.5
H14,2,24h,CTZ,n,0.75
H14,2,24h,CTZ,y,1
H14,3,24h,CTZ,n,0.38
H14,3,24h,CTZ,y,0.5
H14,1,24h,CTT,n,0.38
H14,1,24h,CTT,y,0.38
H14,2,24h,CTT,n,0.38
H14,2,24h,CTT,y,0.38
H14,3,24h,CTT,n,0.38
H14,3,24h,CTT,y,0.38
H14,1,48h,CIP,n,0.094
H14,1,48h,CIP,y,0.094
H14,2,48h,CIP,n,0.064
H14,2,48h,CIP,y,0.064
H14,3,48h,CIP,n,0.047
H14,3,48h,CIP,y,0.047
H14,1,48h,GEN,n,1.5
H14,1,48h,GEN,y,1.5
H14,2,48h,GEN,n,2
H14,2,48h,GEN,y,2
H14,3,48h,GEN,n,1.5
H14,3,48h,GEN,y,1.5
H14,1,48h,TOB,n,0.75
H14,1,48h,TOB,y,0.75
H14,2,48h,TOB,n,1
H14,2,48h,TOB,y,1
H14,3,48h,TOB,n,1.5
H14,3,48h,TOB,y,1.5
H14,1,48h,MER,n,0.012
H14,1,48h,MER,y,0.012
H14,2,48h,MER,n,0.012
H14,2,48h,MER,y,0.012
H14,3,48h,MER,n,0.012
H14,3,48h,MER,y,0.012
H14,1,48h,PIT,n,0.75
H14,1,48h,PIT,y,0.75
H14,2,48h,PIT,n,0.75
H14,2,48h,PIT,y,0.75
H14,3,48h,PIT,n,1.5
H14,3,48h,PIT,y,1.5
H14,1,48h,COL,n,2
H14,1,48h,COL,y,2
H14,2,48h,COL,n,3
H14,2,48h,COL,y,12
H14,3,48h,COL,n,2
H14,3,48h,COL,y,4
H14,1,48h,AMI,n,4
H14,1,48h,AMI,y,4
H14,2,48h,AMI,n,4
H14,2,48h,AMI,y,4
H14,3,48h,AMI,n,3
H14,3,48h,AMI,y,3
H14,1,48h,CTZ,n,0.5
H14,1,48h,CTZ,y,1.5
H14,2,48h,CTZ,n,0.75
H14,2,48h,CTZ,y,1
H14,3,48h,CTZ,n,0.38
H14,3,48h,CTZ,y,0.5
H14,1,48h,CTT,n,0.38
H14,1,48h,CTT,y,0.38
H14,2,48h,CTT,n,0.38
H14,2,48h,CTT,y,0.38
H14,3,48h,CTT,n,0.38
H14,3,48h,CTT,y,0.38
H15,1,24h,CIP,n,0.032
H15,1,24h,CIP,y,0.064
H15,2,24h,CIP,n,0.064
H15,2,24h,CIP,y,0.125
H15,3,24h,CIP,n,0.064
H15,3,24h,CIP,y,0.125
H15,1,24h,GEN,n,1
H15,1,24h,GEN,y,1
H15,2,24h,GEN,n,1.5
H15,2,24h,GEN,y,1.5
H15,3,24h,GEN,n,0.75
H15,3,24h,GEN,y,0.75
H15,1,24h,TOB,n,0.75
H15,1,24h,TOB,y,0.75
H15,2,24h,TOB,n,0.75
H15,2,24h,TOB,y,0.75
H15,3,24h,TOB,n,1
H15,3,24h,TOB,y,1
H15,1,24h,MER,n,0.032
H15,1,24h,MER,y,0.032
H15,2,24h,MER,n,0.023
H15,2,24h,MER,y,0.023
H15,3,24h,MER,n,0.023
H15,3,24h,MER,y,0.023
H15,1,24h,PIT,n,0.5
H15,1,24h,PIT,y,0.5
H15,2,24h,PIT,n,0.75
H15,2,24h,PIT,y,0.75
H15,3,24h,PIT,n,1
H15,3,24h,PIT,y,1
H15,1,24h,COL,n,6
H15,1,24h,COL,y,6
H15,2,24h,COL,n,4
H15,2,24h,COL,y,4
H15,3,24h,COL,n,6
H15,3,24h,COL,y,6
H15,1,24h,AMI,n,2
H15,1,24h,AMI,y,4
H15,2,24h,AMI,n,4
H15,2,24h,AMI,y,8
H15,3,24h,AMI,n,4
H15,3,24h,AMI,y,6
H15,1,24h,CTZ,n,0.19
H15,1,24h,CTZ,y,0.25
H15,2,24h,CTZ,n,0.19
H15,2,24h,CTZ,y,1.5
H15,3,24h,CTZ,n,0.125
H15,3,24h,CTZ,y,0.38
H15,1,24h,CTT,n,0.064
H15,1,24h,CTT,y,0.38
H15,2,24h,CTT,n,0.047
H15,2,24h,CTT,y,0.094
H15,3,24h,CTT,n,0.047
H15,3,24h,CTT,y,0.25
H15,1,48h,CIP,n,0.047
H15,1,48h,CIP,y,0.047
H15,2,48h,CIP,n,0.064
H15,2,48h,CIP,y,0.125
H15,3,48h,CIP,n,0.064
H15,3,48h,CIP,y,0.125
H15,1,48h,GEN,n,1
H15,1,48h,GEN,y,1.5
H15,2,48h,GEN,n,1.5
H15,2,48h,GEN,y,1.5
H15,3,48h,GEN,n,0.75
H15,3,48h,GEN,y,0.75
H15,1,48h,TOB,n,1
H15,1,48h,TOB,y,1
H15,2,48h,TOB,n,0.75
H15,2,48h,TOB,y,0.75
H15,3,48h,TOB,n,1
H15,3,48h,TOB,y,1
H15,1,48h,MER,n,0.032
H15,1,48h,MER,y,0.047
H15,2,48h,MER,n,0.023
H15,2,48h,MER,y,0.125
H15,3,48h,MER,n,0.023
H15,3,48h,MER,y,0.032
H15,1,48h,PIT,n,0.5
H15,1,48h,PIT,y,0.75
H15,2,48h,PIT,n,0.75
H15,2,48h,PIT,y,0.75
H15,3,48h,PIT,n,1
H15,3,48h,PIT,y,1
H15,1,48h,COL,n,6
H15,1,48h,COL,y,6
H15,2,48h,COL,n,4
H15,2,48h,COL,y,4
H15,3,48h,COL,n,6
H15,3,48h,COL,y,6
H15,1,48h,AMI,n,2
H15,1,48h,AMI,y,6
H15,2,48h,AMI,n,4
H15,2,48h,AMI,y,12
H15,3,48h,AMI,n,4
H15,3,48h,AMI,y,8
H15,1,48h,CTZ,n,0.19
H15,1,48h,CTZ,y,0.38
H15,2,48h,CTZ,n,0.19
H15,2,48h,CTZ,y,1.5
H15,3,48h,CTZ,n,0.125
H15,3,48h,CTZ,y,0.38
H15,1,48h,CTT,n,0.064
H15,1,48h,CTT,y,0.38
H15,2,48h,CTT,n,0.047
H15,2,48h,CTT,y,0.094
H15,3,48h,CTT,n,0.047
H15,3,48h,CTT,y,0.25
H16,1,24h,CIP,n,0.094
H16,1,24h,CIP,y,0.125
H16,2,24h,CIP,n,0.125
H16,2,24h,CIP,y,0.125
H16,3,24h,CIP,n,0.047
H16,3,24h,CIP,y,0.064
H16,1,24h,GEN,n,0.75
H16,1,24h,GEN,y,0.75
H16,2,24h,GEN,n,1.5
H16,2,24h,GEN,y,1.5
H16,3,24h,GEN,n,1.5
H16,3,24h,GEN,y,1.5
H16,1,24h,TOB,n,1.5
H16,1,24h,TOB,y,1.5
H16,2,24h,TOB,n,0.75
H16,2,24h,TOB,y,0.75
H16,3,24h,TOB,n,1.5
H16,3,24h,TOB,y,1.5
H16,1,24h,MER,n,0.047
H16,1,24h,MER,y,0.047
H16,2,24h,MER,n,0.047
H16,2,24h,MER,y,0.047
H16,3,24h,MER,n,0.047
H16,3,24h,MER,y,0.047
H16,1,24h,PIT,n,3
H16,1,24h,PIT,y,3
H16,2,24h,PIT,n,3
H16,2,24h,PIT,y,3
H16,3,24h,PIT,n,2
H16,3,24h,PIT,y,2
H16,1,24h,COL,n,2
H16,1,24h,COL,y,4
H16,2,24h,COL,n,2
H16,2,24h,COL,y,16
H16,3,24h,COL,n,3
H16,3,24h,COL,y,3
H16,1,24h,AMI,n,6
H16,1,24h,AMI,y,6
H16,2,24h,AMI,n,8
H16,2,24h,AMI,y,8
H16,3,24h,AMI,n,8
H16,3,24h,AMI,y,16
H16,1,24h,CTZ,n,1.5
H16,1,24h,CTZ,y,2
H16,2,24h,CTZ,n,1
H16,2,24h,CTZ,y,2
H16,3,24h,CTZ,n,1
H16,3,24h,CTZ,y,2
H16,1,24h,CTT,n,0.5
H16,1,24h,CTT,y,0.5
H16,2,24h,CTT,n,0.5
H16,2,24h,CTT,y,0.5
H16,3,24h,CTT,n,0.25
H16,3,24h,CTT,y,0.25
H16,1,48h,CIP,n,0.094
H16,1,48h,CIP,y,0.094
H16,2,48h,CIP,n,0.125
H16,2,48h,CIP,y,0.125
H16,3,48h,CIP,n,0.047
H16,3,48h,CIP,y,0.064
H16,1,48h,GEN,n,1
H16,1,48h,GEN,y,1
H16,2,48h,GEN,n,1.5
H16,2,48h,GEN,y,1.5
H16,3,48h,GEN,n,1.5
H16,3,48h,GEN,y,1.5
H16,1,48h,TOB,n,1.5
H16,1,48h,TOB,y,1.5
H16,2,48h,TOB,n,1
H16,2,48h,TOB,y,1
H16,3,48h,TOB,n,1.5
H16,3,48h,TOB,y,1.5
H16,1,48h,MER,n,0.047
H16,1,48h,MER,y,0.047
H16,2,48h,MER,n,0.047
H16,2,48h,MER,y,0.047
H16,3,48h,MER,n,0.047
H16,3,48h,MER,y,0.047
H16,1,48h,PIT,n,3
H16,1,48h,PIT,y,3
H16,2,48h,PIT,n,3
H16,2,48h,PIT,y,3
H16,3,48h,PIT,n,2
H16,3,48h,PIT,y,2
H16,1,48h,COL,n,2
H16,1,48h,COL,y,4
H16,2,48h,COL,n,2
H16,2,48h,COL,y,16
H16,3,48h,COL,n,3
H16,3,48h,COL,y,3
H16,1,48h,AMI,n,6
H16,1,48h,AMI,y,6
H16,2,48h,AMI,n,8
H16,2,48h,AMI,y,8
H16,3,48h,AMI,n,8
H16,3,48h,AMI,y,16
H16,1,48h,CTZ,n,1.5
H16,1,48h,CTZ,y,2
H16,2,48h,CTZ,n,1
H16,2,48h,CTZ,y,2
H16,3,48h,CTZ,n,1
H16,3,48h,CTZ,y,2
H16,1,48h,CTT,n,0.5
H16,1,48h,CTT,y,0.5
H16,2,48h,CTT,n,0.5
H16,2,48h,CTT,y,0.5
H16,3,48h,CTT,n,0.25
H16,3,48h,CTT,y,0.25
H17,1,24h,CIP,n,0.064
H17,1,24h,CIP,y,0.125
H17,2,24h,CIP,n,0.094
H17,2,24h,CIP,y,0.19
H17,3,24h,CIP,n,0.094
H17,3,24h,CIP,y,0.094
H17,1,24h,GEN,n,1.5
H17,1,24h,GEN,y,1.5
H17,2,24h,GEN,n,1.5
H17,2,24h,GEN,y,1.5
H17,3,24h,GEN,n,1
H17,3,24h,GEN,y,1
H17,1,24h,TOB,n,2
H17,1,24h,TOB,y,2
H17,2,24h,TOB,n,1.5
H17,2,24h,TOB,y,1.5
H17,3,24h,TOB,n,1.5
H17,3,24h,TOB,y,1.5
H17,1,24h,MER,n,0.032
H17,1,24h,MER,y,0.032
H17,2,24h,MER,n,0.047
H17,2,24h,MER,y,0.047
H17,3,24h,MER,n,0.023
H17,3,24h,MER,y,0.023
H17,1,24h,PIT,n,4
H17,1,24h,PIT,y,4
H17,2,24h,PIT,n,3
H17,2,24h,PIT,y,3
H17,3,24h,PIT,n,4
H17,3,24h,PIT,y,4
H17,1,24h,COL,n,4
H17,1,24h,COL,y,4
H17,2,24h,COL,n,4
H17,2,24h,COL,y,4
H17,3,24h,COL,n,3
H17,3,24h,COL,y,3
H17,1,24h,AMI,n,6
H17,1,24h,AMI,y,6
H17,2,24h,AMI,n,6
H17,2,24h,AMI,y,12
H17,3,24h,AMI,n,4
H17,3,24h,AMI,y,4
H17,1,24h,CTZ,n,2
H17,1,24h,CTZ,y,2
H17,2,24h,CTZ,n,2
H17,2,24h,CTZ,y,2
H17,3,24h,CTZ,n,2
H17,3,24h,CTZ,y,2
H17,1,24h,CTT,n,0.75
H17,1,24h,CTT,y,0.75
H17,2,24h,CTT,n,0.5
H17,2,24h,CTT,y,0.5
H17,3,24h,CTT,n,0.5
H17,3,24h,CTT,y,0.5
H17,1,48h,CIP,n,0.064
H17,1,48h,CIP,y,0.125
H17,2,48h,CIP,n,0.094
H17,2,48h,CIP,y,0.125
H17,3,48h,CIP,n,0.094
H17,3,48h,CIP,y,0.125
H17,1,48h,GEN,n,1
H17,1,48h,GEN,y,1
H17,2,48h,GEN,n,1.5
H17,2,48h,GEN,y,1.5
H17,3,48h,GEN,n,1.5
H17,3,48h,GEN,y,1.5
H17,1,48h,TOB,n,1.5
H17,1,48h,TOB,y,1.5
H17,2,48h,TOB,n,1.5
H17,2,48h,TOB,y,1.5
H17,3,48h,TOB,n,2
H17,3,48h,TOB,y,2
H17,1,48h,MER,n,0.023
H17,1,48h,MER,y,0.023
H17,2,48h,MER,n,0.047
H17,2,48h,MER,y,0.047
H17,3,48h,MER,n,0.032
H17,3,48h,MER,y,0.032
H17,1,48h,PIT,n,4
H17,1,48h,PIT,y,4
H17,2,48h,PIT,n,3
H17,2,48h,PIT,y,3
H17,3,48h,PIT,n,4
H17,3,48h,PIT,y,4
H17,1,48h,COL,n,4
H17,1,48h,COL,y,4
H17,2,48h,COL,n,4
H17,2,48h,COL,y,6
H17,3,48h,COL,n,3
H17,3,48h,COL,y,3
H17,1,48h,AMI,n,6
H17,1,48h,AMI,y,6
H17,2,48h,AMI,n,6
H17,2,48h,AMI,y,12
H17,3,48h,AMI,n,4
H17,3,48h,AMI,y,4
H17,1,48h,CTZ,n,2
H17,1,48h,CTZ,y,2
H17,2,48h,CTZ,n,2
H17,2,48h,CTZ,y,2
H17,3,48h,CTZ,n,2
H17,3,48h,CTZ,y,2
H17,1,48h,CTT,n,0.75
H17,1,48h,CTT,y,0.75
H17,2,48h,CTT,n,0.5
H17,2,48h,CTT,y,0.5
H17,3,48h,CTT,n,0.5
H17,3,48h,CTT,y,0.5
H18,1,24h,CIP,n,0.064
H18,1,24h,CIP,y,0.064
H18,2,24h,CIP,n,0.064
H18,2,24h,CIP,y,0.125
H18,3,24h,CIP,n,0.094
H18,3,24h,CIP,y,0.094
H18,1,24h,GEN,n,2
H18,1,24h,GEN,y,3
H18,2,24h,GEN,n,3
H18,2,24h,GEN,y,4
H18,3,24h,GEN,n,2
H18,3,24h,GEN,y,2
H18,1,24h,TOB,n,1.5
H18,1,24h,TOB,y,1.5
H18,2,24h,TOB,n,1.5
H18,2,24h,TOB,y,1.5
H18,3,24h,TOB,n,2
H18,3,24h,TOB,y,2
H18,1,24h,MER,n,0.032
H18,1,24h,MER,y,0.047
H18,2,24h,MER,n,0.032
H18,2,24h,MER,y,0.032
H18,3,24h,MER,n,0.032
H18,3,24h,MER,y,0.032
H18,1,24h,PIT,n,3
H18,1,24h,PIT,y,3
H18,2,24h,PIT,n,3
H18,2,24h,PIT,y,3
H18,3,24h,PIT,n,6
H18,3,24h,PIT,y,6
H18,1,24h,COL,n,3
H18,1,24h,COL,y,3
H18,2,24h,COL,n,3
H18,2,24h,COL,y,3
H18,3,24h,COL,n,3
H18,3,24h,COL,y,3
H18,1,24h,AMI,n,8
H18,1,24h,AMI,y,8
H18,2,24h,AMI,n,8
H18,2,24h,AMI,y,8
H18,3,24h,AMI,n,8
H18,3,24h,AMI,y,8
H18,1,24h,CTZ,n,1.5
H18,1,24h,CTZ,y,1.5
H18,2,24h,CTZ,n,2
H18,2,24h,CTZ,y,2
H18,3,24h,CTZ,n,1
H18,3,24h,CTZ,y,1
H18,1,24h,CTT,n,0.38
H18,1,24h,CTT,y,0.38
H18,2,24h,CTT,n,0.5
H18,2,24h,CTT,y,0.5
H18,3,24h,CTT,n,0.5
H18,3,24h,CTT,y,0.75
H18,1,48h,CIP,n,0.094
H18,1,48h,CIP,y,0.094
H18,2,48h,CIP,n,0.064
H18,2,48h,CIP,y,0.125
H18,3,48h,CIP,n,0.064
H18,3,48h,CIP,y,0.094
H18,1,48h,GEN,n,2
H18,1,48h,GEN,y,2
H18,2,48h,GEN,n,3
H18,2,48h,GEN,y,4
H18,3,48h,GEN,n,2
H18,3,48h,GEN,y,2
H18,1,48h,TOB,n,1.5
H18,1,48h,TOB,y,1.5
H18,2,48h,TOB,n,1.5
H18,2,48h,TOB,y,1.5
H18,3,48h,TOB,n,2
H18,3,48h,TOB,y,2
H18,1,48h,MER,n,0.032
H18,1,48h,MER,y,0.047
H18,2,48h,MER,n,0.032
H18,2,48h,MER,y,0.032
H18,3,48h,MER,n,0.032
H18,3,48h,MER,y,0.032
H18,1,48h,PIT,n,3
H18,1,48h,PIT,y,3
H18,2,48h,PIT,n,3
H18,2,48h,PIT,y,3
H18,3,48h,PIT,n,6
H18,3,48h,PIT,y,6
H18,1,48h,COL,n,3
H18,1,48h,COL,y,3
H18,2,48h,COL,n,3
H18,2,48h,COL,y,3
H18,3,48h,COL,n,3
H18,3,48h,COL,y,3
H18,1,48h,AMI,n,8
H18,1,48h,AMI,y,8
H18,2,48h,AMI,n,8
H18,2,48h,AMI,y,8
H18,3,48h,AMI,n,8
H18,3,48h,AMI,y,8
H18,1,48h,CTZ,n,1.5
H18,1,48h,CTZ,y,1.5
H18,2,48h,CTZ,n,2
H18,2,48h,CTZ,y,2
H18,3,48h,CTZ,n,1
H18,3,48h,CTZ,y,1
H18,1,48h,CTT,n,0.38
H18,1,48h,CTT,y,0.38
H18,2,48h,CTT,n,0.5
H18,2,48h,CTT,y,0.5
H18,3,48h,CTT,n,0.5
H18,3,48h,CTT,y,0.75
H19,1,24h,CIP,n,0.094
H19,1,24h,CIP,y,0.094
H19,2,24h,CIP,n,0.047
H19,2,24h,CIP,y,0.125
H19,3,24h,CIP,n,0.094
H19,3,24h,CIP,y,0.094
H19,1,24h,GEN,n,1.5
H19,1,24h,GEN,y,1.5
H19,2,24h,GEN,n,1.5
H19,2,24h,GEN,y,1.5
H19,3,24h,GEN,n,1
H19,3,24h,GEN,y,1
H19,1,24h,TOB,n,2
H19,1,24h,TOB,y,2
H19,2,24h,TOB,n,2
H19,2,24h,TOB,y,2
H19,3,24h,TOB,n,1.5
H19,3,24h,TOB,y,1.5
H19,1,24h,MER,n,0.047
H19,1,24h,MER,y,0.047
H19,2,24h,MER,n,0.023
H19,2,24h,MER,y,0.023
H19,3,24h,MER,n,0.047
H19,3,24h,MER,y,0.047
H19,1,24h,PIT,n,4
H19,1,24h,PIT,y,6
H19,2,24h,PIT,n,3
H19,2,24h,PIT,y,3
H19,3,24h,PIT,n,4
H19,3,24h,PIT,y,6
H19,1,24h,COL,n,4
H19,1,24h,COL,y,4
H19,2,24h,COL,n,3
H19,2,24h,COL,y,3
H19,3,24h,COL,n,4
H19,3,24h,COL,y,4
H19,1,24h,AMI,n,4
H19,1,24h,AMI,y,6
H19,2,24h,AMI,n,4
H19,2,24h,AMI,y,4
H19,3,24h,AMI,n,4
H19,3,24h,AMI,y,4
H19,1,24h,CTZ,n,1.5
H19,1,24h,CTZ,y,1.5
H19,2,24h,CTZ,n,2
H19,2,24h,CTZ,y,2
H19,3,24h,CTZ,n,1.5
H19,3,24h,CTZ,y,1.5
H19,1,24h,CTT,n,0.38
H19,1,24h,CTT,y,0.38
H19,2,24h,CTT,n,0.75
H19,2,24h,CTT,y,0.75
H19,3,24h,CTT,n,0.5
H19,3,24h,CTT,y,0.5
H19,1,48h,CIP,n,0.094
H19,1,48h,CIP,y,0.125
H19,2,48h,CIP,n,0.047
H19,2,48h,CIP,y,0.125
H19,3,48h,CIP,n,0.064
H19,3,48h,CIP,y,0.094
H19,1,48h,GEN,n,1.5
H19,1,48h,GEN,y,1.5
H19,2,48h,GEN,n,1.5
H19,2,48h,GEN,y,1.5
H19,3,48h,GEN,n,1
H19,3,48h,GEN,y,1
H19,1,48h,TOB,n,2
H19,1,48h,TOB,y,2
H19,2,48h,TOB,n,2
H19,2,48h,TOB,y,3
H19,3,48h,TOB,n,1.5
H19,3,48h,TOB,y,1.5
H19,1,48h,MER,n,0.047
H19,1,48h,MER,y,0.047
H19,2,48h,MER,n,0.023
H19,2,48h,MER,y,0.023
H19,3,48h,MER,n,0.047
H19,3,48h,MER,y,0.38
H19,1,48h,PIT,n,3
H19,1,48h,PIT,y,3
H19,2,48h,PIT,n,3
H19,2,48h,PIT,y,3
H19,3,48h,PIT,n,4
H19,3,48h,PIT,y,4
H19,1,48h,COL,n,6
H19,1,48h,COL,y,6
H19,2,48h,COL,n,3
H19,2,48h,COL,y,3
H19,3,48h,COL,n,4
H19,3,48h,COL,y,4
H19,1,48h,AMI,n,4
H19,1,48h,AMI,y,6
H19,2,48h,AMI,n,4
H19,2,48h,AMI,y,4
H19,3,48h,AMI,n,4
H19,3,48h,AMI,y,4
H19,1,48h,CTZ,n,1.5
H19,1,48h,CTZ,y,1.5
H19,2,48h,CTZ,n,2
H19,2,48h,CTZ,y,2
H19,3,48h,CTZ,n,1.5
H19,3,48h,CTZ,y,1.5
H19,1,48h,CTT,n,0.38
H19,1,48h,CTT,y,0.38
H19,2,48h,CTT,n,0.75
H19,2,48h,CTT,y,0.75
H19,3,48h,CTT,n,0.5
H19,3,48h,CTT,y,0.75
H20,1,24h,CIP,n,0.094
H20,1,24h,CIP,y,0.125
H20,2,24h,CIP,n,0.064
H20,2,24h,CIP,y,0.064
H20,3,24h,CIP,n,0.094
H20,3,24h,CIP,y,0.094
H20,1,24h,GEN,n,1.5
H20,1,24h,GEN,y,1.5
H20,2,24h,GEN,n,1
H20,2,24h,GEN,y,1
H20,3,24h,GEN,n,1.5
H20,3,24h,GEN,y,1.5
H20,1,24h,TOB,n,1.5
H20,1,24h,TOB,y,1.5
H20,2,24h,TOB,n,1.5
H20,2,24h,TOB,y,1.5
H20,3,24h,TOB,n,1.5
H20,3,24h,TOB,y,1.5
H20,1,24h,MER,n,0.032
H20,1,24h,MER,y,0.047
H20,2,24h,MER,n,0.032
H20,2,24h,MER,y,0.032
H20,3,24h,MER,n,0.032
H20,3,24h,MER,y,0.047
H20,1,24h,PIT,n,3
H20,1,24h,PIT,y,3
H20,2,24h,PIT,n,3
H20,2,24h,PIT,y,3
H20,3,24h,PIT,n,4
H20,3,24h,PIT,y,4
H20,1,24h,COL,n,4
H20,1,24h,COL,y,6
H20,2,24h,COL,n,3
H20,2,24h,COL,y,6
H20,3,24h,COL,n,4
H20,3,24h,COL,y,4
H20,1,24h,AMI,n,4
H20,1,24h,AMI,y,4
H20,2,24h,AMI,n,4
H20,2,24h,AMI,y,4
H20,3,24h,AMI,n,4
H20,3,24h,AMI,y,12
H20,1,24h,CTZ,n,1.5
H20,1,24h,CTZ,y,2
H20,2,24h,CTZ,n,1.5
H20,2,24h,CTZ,y,1.5
H20,3,24h,CTZ,n,1.5
H20,3,24h,CTZ,y,1.5
H20,1,24h,CTT,n,0.75
H20,1,24h,CTT,y,0.75
H20,2,24h,CTT,n,0.75
H20,2,24h,CTT,y,0.75
H20,3,24h,CTT,n,0.5
H20,3,24h,CTT,y,0.75
H20,1,48h,CIP,n,0.094
H20,1,48h,CIP,y,0.125
H20,2,48h,CIP,n,0.047
H20,2,48h,CIP,y,0.064
H20,3,48h,CIP,n,0.094
H20,3,48h,CIP,y,0.094
H20,1,48h,GEN,n,1.5
H20,1,48h,GEN,y,1.5
H20,2,48h,GEN,n,1
H20,2,48h,GEN,y,1
H20,3,48h,GEN,n,1.5
H20,3,48h,GEN,y,1.5
H20,1,48h,TOB,n,1.5
H20,1,48h,TOB,y,1.5
H20,2,48h,TOB,n,1.5
H20,2,48h,TOB,y,1.5
H20,3,48h,TOB,n,1.5
H20,3,48h,TOB,y,1.5
H20,1,48h,MER,n,0.032
H20,1,48h,MER,y,0.032
H20,2,48h,MER,n,0.032
H20,2,48h,MER,y,0.032
H20,3,48h,MER,n,0.032
H20,3,48h,MER,y,0.032
H20,1,48h,PIT,n,3
H20,1,48h,PIT,y,3
H20,2,48h,PIT,n,3
H20,2,48h,PIT,y,3
H20,3,48h,PIT,n,4
H20,3,48h,PIT,y,4
H20,1,48h,COL,n,4
H20,1,48h,COL,y,6
H20,2,48h,COL,n,3
H20,2,48h,COL,y,8
H20,3,48h,COL,n,4
H20,3,48h,COL,y,4
H20,1,48h,AMI,n,4
H20,1,48h,AMI,y,4
H20,2,48h,AMI,n,4
H20,2,48h,AMI,y,4
H20,3,48h,AMI,n,4
H20,3,48h,AMI,y,12
H20,1,48h,CTZ,n,1.5
H20,1,48h,CTZ,y,2
H20,2,48h,CTZ,n,1.5
H20,2,48h,CTZ,y,1.5
H20,3,48h,CTZ,n,1.5
H20,3,48h,CTZ,y,1.5
H20,1,48h,CTT,n,0.75
H20,1,48h,CTT,y,0.75
H20,2,48h,CTT,n,0.75
H20,2,48h,CTT,y,0.75
H20,3,48h,CTT,n,0.5
H20,3,48h,CTT,y,0.75
