strain,PIP,PIT,CTZ,CEP,AZT,IMI,MER,AMI,GEN,TOB,CIP,COL,CTT,CTV,CID
H01,R,I,I,R,R,I,S,S,IE,R,R,S,S,S,S
H02,R,I,I,I,I,I,S,S,IE,S,I,S,S,S,S
H03,R,R,R,R,R,iR,I,iR,IE,R,R,S,S,S,S
H04,I,I,I,I,I,I,S,S,IE,S,I,S,S,S,S
H05,I,I,I,I,I,I,S,S,IE,S,I,S,S,S,S
H06,R,R,R,I,I,I,S,S,IE,S,R,S,S,S,S
H07,I,I,I,I,I,I,S,S,IE,S,I,S,S,S,S
H08,I,I,I,I,I,I,S,S,IE,S,R,S,S,S,S
H09,I,I,I,I,I,I,S,S,IE,S,I,S,S,S,S
H10,I,I,I,I,I,I,S,S,IE,S,I,S,S,S,S
H11,I,I,I,I,I,I,I,S,IE,S,R,S,S,S,S
H12,I,I,I,I,I,R,I,S,IE,S,R,S,S,S,S
H13,I,I,I,I,I,I,S,S,IE,S,I,S,S,S,S
H14,I,I,I,I,I,I,S,S,IE,S,I,S,S,S,S
H15,I,I,I,I,I,I,S,S,IE,S,I,S,S,S,S
H16,I,I,I,I,I,I,S,S,IE,S,I,S,S,S,S
H17,I,I,I,I,I,I,S,S,IE,S,I,S,S,S,S
H18,I,I,I,I,I,I,S,S,IE,S,I,S,S,S,S
H19,I,I,I,I,I,I,S,S,IE,S,I,S,S,S,S
H20,I,I,I,I,I,I,S,S,IE,S,I,S,S,S,S
PA14,I,I,I,I,I,I,S,S,IE,S,I,S,S,S,S
PAO1,I,I,I,I,I,I,S,S,IE,S,I,S,S,S,S
